[
{
  "model": "admin.logentry",
  "pk": 1,
  "fields": {
    "action_time": "2026-06-08T05:47:59.689Z",
    "user": 2,
    "content_type": 9,
    "object_id": "1850",
    "object_repr": "Hydration Systems – Wide Mouth Lid Replacement",
    "action_flag": 2,
    "change_message": "[{\"changed\": {\"fields\": [\"Is featured\", \"Is sale\"]}}]"
  }
},
{
  "model": "admin.logentry",
  "pk": 2,
  "fields": {
    "action_time": "2026-06-08T05:48:48.776Z",
    "user": 2,
    "content_type": 9,
    "object_id": "1850",
    "object_repr": "Hydration Systems – Wide Mouth Lid Replacement",
    "action_flag": 2,
    "change_message": "[{\"changed\": {\"fields\": [\"Stock\"]}}]"
  }
},
{
  "model": "admin.logentry",
  "pk": 3,
  "fields": {
    "action_time": "2026-06-08T09:48:33.788Z",
    "user": 2,
    "content_type": 7,
    "object_id": "2",
    "object_repr": "jeevan",
    "action_flag": 3,
    "change_message": ""
  }
},
{
  "model": "admin.logentry",
  "pk": 4,
  "fields": {
    "action_time": "2026-06-08T10:45:34.569Z",
    "user": 2,
    "content_type": 9,
    "object_id": "1007",
    "object_repr": "Cardio Training – Stair Climber 500",
    "action_flag": 2,
    "change_message": "[{\"changed\": {\"fields\": [\"Is featured\", \"Is sale\"]}}]"
  }
},
{
  "model": "admin.logentry",
  "pk": 5,
  "fields": {
    "action_time": "2026-06-09T04:50:46.843Z",
    "user": 2,
    "content_type": 9,
    "object_id": "1340",
    "object_repr": "Hydration Systems – Portable Water Softener",
    "action_flag": 2,
    "change_message": "[]"
  }
},
{
  "model": "auth.user",
  "pk": 1,
  "fields": {
    "password": "pbkdf2_sha256$720000$WzoasnKgLe97hqjThESDwp$RLSQpTCmT18enHX507xrz+qdsmgG7MTalWWWIgdUYK4=",
    "last_login": "2026-06-08T05:42:50.988Z",
    "is_superuser": false,
    "username": "Arjun Magar",
    "first_name": "",
    "last_name": "",
    "email": "arjunmagar@gmail.com",
    "is_staff": false,
    "is_active": true,
    "date_joined": "2026-06-08T05:42:50.689Z",
    "groups": [],
    "user_permissions": []
  }
},
{
  "model": "auth.user",
  "pk": 2,
  "fields": {
    "password": "pbkdf2_sha256$720000$hyTpczEEPHOLiErmeTorp9$8yU5ML6Q2xUH68kDVW7x7Qq9475YAcr9cLa+dV8PX3I=",
    "last_login": "2026-06-10T04:02:23.898Z",
    "is_superuser": true,
    "username": "jeevan",
    "first_name": "",
    "last_name": "",
    "email": "",
    "is_staff": true,
    "is_active": true,
    "date_joined": "2026-06-08T05:45:05.498Z",
    "groups": [],
    "user_permissions": []
  }
},
{
  "model": "auth.user",
  "pk": 3,
  "fields": {
    "password": "pbkdf2_sha256$720000$Fmu3JXW38JmRb3vyakTbyn$K02QaqgcEXfHFSvWT+fshhk4zf/oz3TTJsW2owlxaIU=",
    "last_login": "2026-06-08T09:57:26.763Z",
    "is_superuser": false,
    "username": "hitesh",
    "first_name": "",
    "last_name": "",
    "email": "h@gmail.com",
    "is_staff": false,
    "is_active": true,
    "date_joined": "2026-06-08T09:44:07.806Z",
    "groups": [],
    "user_permissions": []
  }
},
{
  "model": "sessions.session",
  "pk": "gvx8te2i1pjql311i4kfw5qk4jxcr936",
  "fields": {
    "session_data": ".eJxVjEEOwiAQRe_C2pAOIOm4dO8ZyAwzkaqBpLQr490NSRe6_e-9_zaJ9q2kveuaFjEX48zpd2PKT60DyIPqvdnc6rYubIdiD9rtrYm-rof7d1Col1Gr-jkoRAyOOMMkeBbPYRLw2UkMgCCzMAX1mDkzSYwRnQOHQRjN5wvxjDgn:1wWWkk:upHSEh6LKH_LCTvQFCep1GFbUUckFyRroUiBxikCFko",
    "expire_date": "2026-06-22T09:58:42.862Z"
  }
},
{
  "model": "sessions.session",
  "pk": "hjvtnhpg2lmi2t8i5terpk7f3bujc2s7",
  "fields": {
    "session_data": ".eJxVjEEOwiAQRe_C2pAOIOm4dO8ZyAwzkaqBpLQr490NSRe6_e-9_zaJ9q2kveuaFjEX48zpd2PKT60DyIPqvdnc6rYubIdiD9rtrYm-rof7d1Col1Gr-jkoRAyOOMMkeBbPYRLw2UkMgCCzMAX1mDkzSYwRnQOHQRjN5wvxjDgn:1wXA91:xJQcqMlIxgbWbuvFv5MsKRC0-U6onP_9-6YbdmsI6u8",
    "expire_date": "2026-06-24T04:02:23.909Z"
  }
},
{
  "model": "users.profile",
  "pk": 1,
  "fields": {
    "user": 1,
    "age": null,
    "weight": null,
    "height": null,
    "goal": "",
    "medical_conditions": ""
  }
},
{
  "model": "users.profile",
  "pk": 3,
  "fields": {
    "user": 3,
    "age": null,
    "weight": null,
    "height": null,
    "goal": "",
    "medical_conditions": ""
  }
},
{
  "model": "users.profile",
  "pk": 4,
  "fields": {
    "user": 2,
    "age": null,
    "weight": null,
    "height": null,
    "goal": "",
    "medical_conditions": ""
  }
},
{
  "model": "store.category",
  "pk": 1,
  "fields": {
    "name": "Cardio Training",
    "image": "category_images/curated_cat_1.png"
  }
},
{
  "model": "store.category",
  "pk": 2,
  "fields": {
    "name": "Wearable Tech",
    "image": "category_images/curated_cat_2.png"
  }
},
{
  "model": "store.category",
  "pk": 3,
  "fields": {
    "name": "Yoga & Pilates",
    "image": "category_images/curated_cat_3.png"
  }
},
{
  "model": "store.category",
  "pk": 4,
  "fields": {
    "name": "Weight Loss",
    "image": "category_images/curated_cat_4.png"
  }
},
{
  "model": "store.category",
  "pk": 5,
  "fields": {
    "name": "Muscle & Strength",
    "image": "category_images/curated_cat_5.png"
  }
},
{
  "model": "store.category",
  "pk": 6,
  "fields": {
    "name": "Supplements & Nutrition",
    "image": "category_images/curated_cat_6.png"
  }
},
{
  "model": "store.category",
  "pk": 7,
  "fields": {
    "name": "Recovery & Wellness",
    "image": "category_images/curated_cat_7.png"
  }
},
{
  "model": "store.category",
  "pk": 8,
  "fields": {
    "name": "Mobility Training",
    "image": "category_images/curated_cat_8.png"
  }
},
{
  "model": "store.category",
  "pk": 9,
  "fields": {
    "name": "Outdoor Adventure",
    "image": "category_images/curated_cat_9.png"
  }
},
{
  "model": "store.category",
  "pk": 10,
  "fields": {
    "name": "Sleep Optimization",
    "image": "category_images/curated_cat_10.png"
  }
},
{
  "model": "store.category",
  "pk": 11,
  "fields": {
    "name": "Kettlebell Workouts",
    "image": "category_images/curated_cat_11.png"
  }
},
{
  "model": "store.category",
  "pk": 12,
  "fields": {
    "name": "Activewear Clothing",
    "image": "category_images/curated_cat_12.png"
  }
},
{
  "model": "store.category",
  "pk": 13,
  "fields": {
    "name": "Bodyweight Calisthenics",
    "image": "category_images/curated_cat_13.png"
  }
},
{
  "model": "store.category",
  "pk": 14,
  "fields": {
    "name": "Dumbbell Training",
    "image": "category_images/curated_cat_14.png"
  }
},
{
  "model": "store.category",
  "pk": 15,
  "fields": {
    "name": "Resistance Bands",
    "image": "category_images/curated_cat_15.png"
  }
},
{
  "model": "store.category",
  "pk": 16,
  "fields": {
    "name": "Gym Machines",
    "image": "category_images/curated_cat_16.png"
  }
},
{
  "model": "store.category",
  "pk": 17,
  "fields": {
    "name": "Hydration Systems",
    "image": "category_images/curated_cat_17.png"
  }
},
{
  "model": "store.product",
  "pk": 1001,
  "fields": {
    "category": 1,
    "name": "Cardio Training – Pro Treadmill 3000",
    "price": "101.32",
    "stock": 3,
    "description": "Professional-grade equipment meeting industry standards for serious athletes.",
    "image": "products/curated_prod_1001_Lez0zMo.png",
    "is_featured": false,
    "is_sale": false,
    "rating": "0.0",
    "size": "Youth,Adult,Large"
  }
},
{
  "model": "store.product",
  "pk": 1002,
  "fields": {
    "category": 1,
    "name": "Cardio Training – Folding Treadmill Lite",
    "price": "94.72",
    "stock": 4,
    "description": "Built to last with superior materials and expert craftsmanship.",
    "image": "products/curated_prod_1002_Gsgehzb.png",
    "is_featured": false,
    "is_sale": false,
    "rating": "0.0",
    "size": "Youth,Adult,Large"
  }
},
{
  "model": "store.product",
  "pk": 1003,
  "fields": {
    "category": 1,
    "name": "Cardio Training – Incline Trainer X5",
    "price": "111.66",
    "stock": 89,
    "description": "Engineered with advanced technology for maximum efficiency and results.",
    "image": "products/curated_prod_1003.png",
    "is_featured": false,
    "is_sale": false,
    "rating": "0.0",
    "size": "XS,S,M,L,XL"
  }
},
{
  "model": "store.product",
  "pk": 1004,
  "fields": {
    "category": 1,
    "name": "Cardio Training – Elliptical Cross-Trainer",
    "price": "109.25",
    "stock": 43,
    "description": "Trusted by athletes and fitness professionals worldwide for consistent quality.",
    "image": "products/curated_prod_1004.png",
    "is_featured": false,
    "is_sale": false,
    "rating": "0.0",
    "size": "S,M,L,XL,XXL"
  }
},
{
  "model": "store.product",
  "pk": 1005,
  "fields": {
    "category": 1,
    "name": "Cardio Training – Air Bike Elite",
    "price": "28.06",
    "stock": 44,
    "description": "Professional-grade equipment meeting industry standards for serious athletes.",
    "image": "products/curated_prod_1005.png",
    "is_featured": false,
    "is_sale": false,
    "rating": "0.0",
    "size": "Standard"
  }
},
{
  "model": "store.product",
  "pk": 1006,
  "fields": {
    "category": 1,
    "name": "Cardio Training – Rowing Machine Pro",
    "price": "89.53",
    "stock": 80,
    "description": "Built to last with superior materials and expert craftsmanship.",
    "image": "products/curated_prod_1006.png",
    "is_featured": false,
    "is_sale": false,
    "rating": "0.0",
    "size": "XS,S,M,L,XL"
  }
},
{
  "model": "store.product",
  "pk": 1007,
  "fields": {
    "category": 1,
    "name": "Cardio Training – Stair Climber 500",
    "price": "119.36",
    "stock": 10,
    "description": "Engineered with advanced technology for maximum efficiency and results.",
    "image": "products/curated_prod_1007.png",
    "is_featured": false,
    "is_sale": false,
    "rating": "0.0",
    "size": "Small,Medium,Large"
  }
},
{
  "model": "store.product",
  "pk": 1008,
  "fields": {
    "category": 1,
    "name": "Cardio Training – Spin Bike Studio",
    "price": "64.97",
    "stock": 26,
    "description": "Engineered with advanced technology for maximum efficiency and results.",
    "image": "products/curated_prod_1008.png",
    "is_featured": false,
    "is_sale": false,
    "rating": "4.5",
    "size": "Light,Medium,Heavy"
  }
},
{
  "model": "store.product",
  "pk": 1009,
  "fields": {
    "category": 1,
    "name": "Cardio Training – Compact Cardio Stepper",
    "price": "87.11",
    "stock": 31,
    "description": "Built to last with superior materials and expert craftsmanship.",
    "image": "products/curated_prod_1009.png",
    "is_featured": false,
    "is_sale": false,
    "rating": "0.0",
    "size": "Youth,Adult,Large"
  }
},
{
  "model": "store.product",
  "pk": 1010,
  "fields": {
    "category": 1,
    "name": "Cardio Training – Recumbent Bike Classic",
    "price": "107.42",
    "stock": 98,
    "description": "Ideal for beginners and advanced users alike with versatile features.",
    "image": "products/curated_prod_1010.png",
    "is_featured": false,
    "is_sale": false,
    "rating": "0.0",
    "size": "Standard"
  }
},
{
  "model": "store.product",
  "pk": 1011,
  "fields": {
    "category": 1,
    "name": "Cardio Training – Cardio Glider Plus",
    "price": "23.94",
    "stock": 72,
    "description": "Engineered with advanced technology for maximum efficiency and results.",
    "image": "products/curated_prod_1011.png",
    "is_featured": false,
    "is_sale": false,
    "rating": "0.0",
    "size": "32cm,38cm,45cm,52cm"
  }
},
{
  "model": "store.product",
  "pk": 1012,
  "fields": {
    "category": 1,
    "name": "Cardio Training – Smart Treadmill T10",
    "price": "50.76",
    "stock": 31,
    "description": "Trusted by athletes and fitness professionals worldwide for consistent quality.",
    "image": "products/curated_prod_1012.png",
    "is_featured": false,
    "is_sale": false,
    "rating": "4.6",
    "size": "Light,Medium,Heavy"
  }
},
{
  "model": "store.product",
  "pk": 1013,
  "fields": {
    "category": 1,
    "name": "Cardio Training – Under-Desk Bike Pedaller",
    "price": "63.87",
    "stock": 17,
    "description": "Engineered with advanced technology for maximum efficiency and results.",
    "image": "products/curated_prod_1013.png",
    "is_featured": false,
    "is_sale": false,
    "rating": "0.0",
    "size": "One Size"
  }
},
{
  "model": "store.product",
  "pk": 1014,
  "fields": {
    "category": 1,
    "name": "Cardio Training – Curved Manual Treadmill",
    "price": "121.93",
    "stock": 54,
    "description": "Ideal for beginners and advanced users alike with versatile features.",
    "image": "products/curated_prod_1014.png",
    "is_featured": false,
    "is_sale": false,
    "rating": "0.0",
    "size": "Youth,Adult,Large"
  }
},
{
  "model": "store.product",
  "pk": 1015,
  "fields": {
    "category": 1,
    "name": "Cardio Training – Cross-Country Ski Machine",
    "price": "146.10",
    "stock": 1,
    "description": "Experience unmatched comfort and functionality with this innovative design.",
    "image": "products/curated_prod_1015.png",
    "is_featured": false,
    "is_sale": false,
    "rating": "0.0",
    "size": "5kg,10kg,15kg,20kg"
  }
},
{
  "model": "store.product",
  "pk": 1016,
  "fields": {
    "category": 1,
    "name": "Cardio Training – Cardio Jump Rope Pro",
    "price": "30.06",
    "stock": 55,
    "description": "Delivers exceptional value with premium features at an affordable price point.",
    "image": "products/curated_prod_1016.png",
    "is_featured": false,
    "is_sale": false,
    "rating": "0.0",
    "size": "5kg,10kg,15kg,20kg"
  }
},
{
  "model": "store.product",
  "pk": 1017,
  "fields": {
    "category": 1,
    "name": "Cardio Training – Mini Trampoline Rebounder",
    "price": "117.86",
    "stock": 64,
    "description": "Built to last with superior materials and expert craftsmanship.",
    "image": "products/curated_prod_1017.png",
    "is_featured": false,
    "is_sale": false,
    "rating": "4.9",
    "size": "Light,Medium,Heavy"
  }
},
{
  "model": "store.product",
  "pk": 1018,
  "fields": {
    "category": 1,
    "name": "Cardio Training – Heart Rate Monitor",
    "price": "35.63",
    "stock": 97,
    "description": "Premium quality product designed for optimal performance and durability.",
    "image": "products/curated_prod_1018.png",
    "is_featured": false,
    "is_sale": false,
    "rating": "3.7",
    "size": "32cm,38cm,45cm,52cm"
  }
},
{
  "model": "store.product",
  "pk": 1019,
  "fields": {
    "category": 1,
    "name": "Cardio Training – Treadmill Safety Key",
    "price": "30.10",
    "stock": 46,
    "description": "Professional-grade equipment meeting industry standards for serious athletes.",
    "image": "products/curated_prod_1019.png",
    "is_featured": false,
    "is_sale": false,
    "rating": "0.0",
    "size": "Light,Medium,Heavy"
  }
},
{
  "model": "store.product",
  "pk": 1020,
  "fields": {
    "category": 1,
    "name": "Cardio Training – Speed Ladder Agility Kit",
    "price": "26.56",
    "stock": 62,
    "description": "Delivers exceptional value with premium features at an affordable price point.",
    "image": "products/curated_prod_1020.png",
    "is_featured": false,
    "is_sale": true,
    "rating": "4.7",
    "size": "32cm,38cm,45cm,52cm"
  }
},
{
  "model": "store.product",
  "pk": 1021,
  "fields": {
    "category": 2,
    "name": "Wearable Tech – Alpha Fitness Watch",
    "price": "37.29",
    "stock": 67,
    "description": "Ideal for beginners and advanced users alike with versatile features.",
    "image": "products/curated_prod_1021.png",
    "is_featured": false,
    "is_sale": false,
    "rating": "0.0",
    "size": "6kg,8kg,12kg,16kg,20kg"
  }
},
{
  "model": "store.product",
  "pk": 1022,
  "fields": {
    "category": 2,
    "name": "Wearable Tech – HRV Recovery Band",
    "price": "68.86",
    "stock": 85,
    "description": "Built to last with superior materials and expert craftsmanship.",
    "image": "products/curated_prod_1022.png",
    "is_featured": false,
    "is_sale": false,
    "rating": "0.0",
    "size": "6kg,8kg,12kg,16kg,20kg"
  }
},
{
  "model": "store.product",
  "pk": 1023,
  "fields": {
    "category": 2,
    "name": "Wearable Tech – Smart Ring Fitness Pro",
    "price": "23.64",
    "stock": 2,
    "description": "Built to last with superior materials and expert craftsmanship.",
    "image": "products/curated_prod_1023.png",
    "is_featured": false,
    "is_sale": true,
    "rating": "0.0",
    "size": "XS,S,M,L,XL"
  }
},
{
  "model": "store.product",
  "pk": 1024,
  "fields": {
    "category": 2,
    "name": "Wearable Tech – GPS Running Watch Lite",
    "price": "24.10",
    "stock": 4,
    "description": "Built to last with superior materials and expert craftsmanship.",
    "image": "products/curated_prod_1024.png",
    "is_featured": false,
    "is_sale": false,
    "rating": "0.0",
    "size": "32cm,38cm,45cm,52cm"
  }
},
{
  "model": "store.product",
  "pk": 1025,
  "fields": {
    "category": 2,
    "name": "Wearable Tech – Swim-Proof Sport Watch",
    "price": "87.80",
    "stock": 92,
    "description": "Trusted by athletes and fitness professionals worldwide for consistent quality.",
    "image": "products/curated_prod_1025.png",
    "is_featured": false,
    "is_sale": false,
    "rating": "4.9",
    "size": "32cm,38cm,45cm,52cm"
  }
},
{
  "model": "store.product",
  "pk": 1026,
  "fields": {
    "category": 2,
    "name": "Wearable Tech – ECG Smartwatch Elite",
    "price": "40.71",
    "stock": 12,
    "description": "Professional-grade equipment meeting industry standards for serious athletes.",
    "image": "products/curated_prod_1026.png",
    "is_featured": false,
    "is_sale": false,
    "rating": "0.0",
    "size": "XS,S,M,L,XL"
  }
},
{
  "model": "store.product",
  "pk": 1027,
  "fields": {
    "category": 2,
    "name": "Wearable Tech – Pulse Ox Wristband",
    "price": "23.18",
    "stock": 93,
    "description": "Engineered with advanced technology for maximum efficiency and results.",
    "image": "products/curated_prod_1027.png",
    "is_featured": false,
    "is_sale": false,
    "rating": "0.0",
    "size": "32cm,38cm,45cm,52cm"
  }
},
{
  "model": "store.product",
  "pk": 1028,
  "fields": {
    "category": 2,
    "name": "Wearable Tech – Kids Activity Tracker",
    "price": "71.95",
    "stock": 35,
    "description": "Professional-grade equipment meeting industry standards for serious athletes.",
    "image": "products/curated_prod_1028.png",
    "is_featured": false,
    "is_sale": false,
    "rating": "0.0",
    "size": "Youth,Adult,Large"
  }
},
{
  "model": "store.product",
  "pk": 1029,
  "fields": {
    "category": 2,
    "name": "Wearable Tech – Slim Calorie Counter Band",
    "price": "21.83",
    "stock": 69,
    "description": "Trusted by athletes and fitness professionals worldwide for consistent quality.",
    "image": "products/curated_prod_1029.png",
    "is_featured": false,
    "is_sale": false,
    "rating": "0.0",
    "size": "One Size"
  }
},
{
  "model": "store.product",
  "pk": 1030,
  "fields": {
    "category": 2,
    "name": "Wearable Tech – Adventure GPS Tracker",
    "price": "80.56",
    "stock": 27,
    "description": "Ideal for beginners and advanced users alike with versatile features.",
    "image": "products/curated_prod_1030.png",
    "is_featured": true,
    "is_sale": true,
    "rating": "0.0",
    "size": "Standard"
  }
},
{
  "model": "store.product",
  "pk": 1031,
  "fields": {
    "category": 2,
    "name": "Wearable Tech – Golfer GPS Watch",
    "price": "140.08",
    "stock": 100,
    "description": "Features cutting-edge design combined with practical everyday usability.",
    "image": "products/curated_prod_1031.png",
    "is_featured": false,
    "is_sale": false,
    "rating": "0.0",
    "size": "Youth,Adult,Large"
  }
},
{
  "model": "store.product",
  "pk": 1032,
  "fields": {
    "category": 2,
    "name": "Wearable Tech – Cycling Computer GPS",
    "price": "35.90",
    "stock": 37,
    "description": "Premium quality product designed for optimal performance and durability.",
    "image": "products/curated_prod_1032.png",
    "is_featured": false,
    "is_sale": false,
    "rating": "0.0",
    "size": "Small,Medium,Large"
  }
},
{
  "model": "store.product",
  "pk": 1033,
  "fields": {
    "category": 2,
    "name": "Wearable Tech – Body Temperature Patch",
    "price": "21.77",
    "stock": 61,
    "description": "Engineered with advanced technology for maximum efficiency and results.",
    "image": "products/curated_prod_1033.png",
    "is_featured": true,
    "is_sale": false,
    "rating": "4.3",
    "size": "S,M,L,XL,XXL"
  }
},
{
  "model": "store.product",
  "pk": 1034,
  "fields": {
    "category": 2,
    "name": "Wearable Tech – Smart Posture Corrector",
    "price": "24.25",
    "stock": 8,
    "description": "Built to last with superior materials and expert craftsmanship.",
    "image": "products/curated_prod_1034.png",
    "is_featured": false,
    "is_sale": false,
    "rating": "0.0",
    "size": "Light,Medium,Heavy"
  }
},
{
  "model": "store.product",
  "pk": 1035,
  "fields": {
    "category": 2,
    "name": "Wearable Tech – Hydration Monitor Patch",
    "price": "93.15",
    "stock": 5,
    "description": "Ideal for beginners and advanced users alike with versatile features.",
    "image": "products/curated_prod_1035.png",
    "is_featured": false,
    "is_sale": false,
    "rating": "0.0",
    "size": "Small,Medium,Large"
  }
},
{
  "model": "store.product",
  "pk": 1036,
  "fields": {
    "category": 2,
    "name": "Wearable Tech – EMS Muscle Stimulator",
    "price": "42.57",
    "stock": 91,
    "description": "Features cutting-edge design combined with practical everyday usability.",
    "image": "products/curated_prod_1036.png",
    "is_featured": false,
    "is_sale": false,
    "rating": "0.0",
    "size": "5kg,10kg,15kg,20kg"
  }
},
{
  "model": "store.product",
  "pk": 1037,
  "fields": {
    "category": 2,
    "name": "Wearable Tech – Running Footpod Sensor",
    "price": "57.68",
    "stock": 96,
    "description": "Professional-grade equipment meeting industry standards for serious athletes.",
    "image": "products/curated_prod_1037.png",
    "is_featured": false,
    "is_sale": false,
    "rating": "0.0",
    "size": "S,M,L,XL,XXL"
  }
},
{
  "model": "store.product",
  "pk": 1038,
  "fields": {
    "category": 2,
    "name": "Wearable Tech – Smart Jump Rope Counter",
    "price": "87.58",
    "stock": 64,
    "description": "Ideal for beginners and advanced users alike with versatile features.",
    "image": "products/curated_prod_1038.png",
    "is_featured": false,
    "is_sale": false,
    "rating": "0.0",
    "size": "Small,Medium,Large"
  }
},
{
  "model": "store.product",
  "pk": 1039,
  "fields": {
    "category": 2,
    "name": "Wearable Tech – Lactate Threshold Monitor",
    "price": "36.30",
    "stock": 69,
    "description": "Premium quality product designed for optimal performance and durability.",
    "image": "products/curated_prod_1039.png",
    "is_featured": false,
    "is_sale": false,
    "rating": "4.6",
    "size": "Youth,Adult,Large"
  }
},
{
  "model": "store.product",
  "pk": 1040,
  "fields": {
    "category": 2,
    "name": "Wearable Tech – VO2 Max Estimator Watch",
    "price": "105.16",
    "stock": 70,
    "description": "Professional-grade equipment meeting industry standards for serious athletes.",
    "image": "products/curated_prod_1040.png",
    "is_featured": true,
    "is_sale": false,
    "rating": "3.9",
    "size": "5kg,10kg,15kg,20kg"
  }
},
{
  "model": "store.product",
  "pk": 1041,
  "fields": {
    "category": 3,
    "name": "Yoga & Pilates – Premium Yoga Mat 6mm",
    "price": "135.11",
    "stock": 95,
    "description": "Built to last with superior materials and expert craftsmanship.",
    "image": "products/curated_prod_1041.png",
    "is_featured": false,
    "is_sale": false,
    "rating": "0.0",
    "size": "Small,Medium,Large"
  }
},
{
  "model": "store.product",
  "pk": 1042,
  "fields": {
    "category": 3,
    "name": "Yoga & Pilates – Travel Yoga Mat Ultra-Thin",
    "price": "107.81",
    "stock": 33,
    "description": "Trusted by athletes and fitness professionals worldwide for consistent quality.",
    "image": "products/curated_prod_1042.png",
    "is_featured": false,
    "is_sale": false,
    "rating": "0.0",
    "size": "S,M,L,XL,XXL"
  }
},
{
  "model": "store.product",
  "pk": 1043,
  "fields": {
    "category": 3,
    "name": "Yoga & Pilates – Cork Yoga Block Set",
    "price": "126.96",
    "stock": 5,
    "description": "Delivers exceptional value with premium features at an affordable price point.",
    "image": "products/curated_prod_1043.png",
    "is_featured": false,
    "is_sale": false,
    "rating": "0.0",
    "size": "32cm,38cm,45cm,52cm"
  }
},
{
  "model": "store.product",
  "pk": 1044,
  "fields": {
    "category": 3,
    "name": "Yoga & Pilates – Yoga Strap 8ft Organic",
    "price": "110.27",
    "stock": 71,
    "description": "Delivers exceptional value with premium features at an affordable price point.",
    "image": "products/curated_prod_1044.png",
    "is_featured": false,
    "is_sale": false,
    "rating": "0.0",
    "size": "One Size"
  }
},
{
  "model": "store.product",
  "pk": 1045,
  "fields": {
    "category": 3,
    "name": "Yoga & Pilates – Pilates Reformer Beginner",
    "price": "19.86",
    "stock": 47,
    "description": "Premium quality product designed for optimal performance and durability.",
    "image": "products/curated_prod_1045.png",
    "is_featured": false,
    "is_sale": true,
    "rating": "0.0",
    "size": "Small,Medium,Large"
  }
},
{
  "model": "store.product",
  "pk": 1046,
  "fields": {
    "category": 3,
    "name": "Yoga & Pilates – Pilates Magic Circle",
    "price": "136.35",
    "stock": 26,
    "description": "Backed by rigorous testing and proven performance in real-world conditions.",
    "image": "products/curated_prod_1046.png",
    "is_featured": true,
    "is_sale": false,
    "rating": "4.5",
    "size": "Standard"
  }
},
{
  "model": "store.product",
  "pk": 1047,
  "fields": {
    "category": 3,
    "name": "Yoga & Pilates – Yoga Bolster Rectangular",
    "price": "116.18",
    "stock": 30,
    "description": "Trusted by athletes and fitness professionals worldwide for consistent quality.",
    "image": "products/curated_prod_1047.png",
    "is_featured": false,
    "is_sale": true,
    "rating": "0.0",
    "size": "Small,Medium,Large"
  }
},
{
  "model": "store.product",
  "pk": 1048,
  "fields": {
    "category": 3,
    "name": "Yoga & Pilates – Round Meditation Cushion",
    "price": "123.30",
    "stock": 94,
    "description": "Premium quality product designed for optimal performance and durability.",
    "image": "products/curated_prod_1048.png",
    "is_featured": true,
    "is_sale": false,
    "rating": "0.0",
    "size": "Standard"
  }
},
{
  "model": "store.product",
  "pk": 1049,
  "fields": {
    "category": 3,
    "name": "Yoga & Pilates – Acupressure Mat & Pillow",
    "price": "130.91",
    "stock": 28,
    "description": "Built to last with superior materials and expert craftsmanship.",
    "image": "products/curated_prod_1049.png",
    "is_featured": false,
    "is_sale": false,
    "rating": "0.0",
    "size": "6kg,8kg,12kg,16kg,20kg"
  }
},
{
  "model": "store.product",
  "pk": 1050,
  "fields": {
    "category": 3,
    "name": "Yoga & Pilates – Yoga Wheel 12-Inch",
    "price": "18.19",
    "stock": 24,
    "description": "Experience unmatched comfort and functionality with this innovative design.",
    "image": "products/curated_prod_1050.png",
    "is_featured": false,
    "is_sale": false,
    "rating": "0.0",
    "size": "5kg,10kg,15kg,20kg"
  }
},
{
  "model": "store.product",
  "pk": 1051,
  "fields": {
    "category": 3,
    "name": "Yoga & Pilates – Resistance Loop Bands Yoga",
    "price": "101.60",
    "stock": 51,
    "description": "Engineered with advanced technology for maximum efficiency and results.",
    "image": "products/curated_prod_1051.png",
    "is_featured": false,
    "is_sale": true,
    "rating": "4.5",
    "size": "5kg,10kg,15kg,20kg"
  }
},
{
  "model": "store.product",
  "pk": 1052,
  "fields": {
    "category": 3,
    "name": "Yoga & Pilates – Balance Board Yoga",
    "price": "93.38",
    "stock": 33,
    "description": "Trusted by athletes and fitness professionals worldwide for consistent quality.",
    "image": "products/curated_prod_1052.png",
    "is_featured": false,
    "is_sale": false,
    "rating": "3.6",
    "size": "Small,Medium,Large"
  }
},
{
  "model": "store.product",
  "pk": 1053,
  "fields": {
    "category": 3,
    "name": "Yoga & Pilates – Yoga Socks Non-Slip Grip",
    "price": "96.84",
    "stock": 65,
    "description": "Premium quality product designed for optimal performance and durability.",
    "image": "products/curated_prod_1053.png",
    "is_featured": true,
    "is_sale": true,
    "rating": "3.7",
    "size": "Standard"
  }
},
{
  "model": "store.product",
  "pk": 1054,
  "fields": {
    "category": 3,
    "name": "Yoga & Pilates – Inversion Yoga Swing",
    "price": "85.19",
    "stock": 68,
    "description": "Professional-grade equipment meeting industry standards for serious athletes.",
    "image": "products/curated_prod_1054.png",
    "is_featured": false,
    "is_sale": false,
    "rating": "4.5",
    "size": "Standard"
  }
},
{
  "model": "store.product",
  "pk": 1055,
  "fields": {
    "category": 3,
    "name": "Yoga & Pilates – Yoga Sandbag Adjustable",
    "price": "143.10",
    "stock": 42,
    "description": "Delivers exceptional value with premium features at an affordable price point.",
    "image": "products/curated_prod_1055.png",
    "is_featured": false,
    "is_sale": false,
    "rating": "4.4",
    "size": "5kg,10kg,15kg,20kg"
  }
},
{
  "model": "store.product",
  "pk": 1056,
  "fields": {
    "category": 3,
    "name": "Yoga & Pilates – Pilates Resistance Ring",
    "price": "56.75",
    "stock": 52,
    "description": "Trusted by athletes and fitness professionals worldwide for consistent quality.",
    "image": "products/curated_prod_1056.png",
    "is_featured": false,
    "is_sale": true,
    "rating": "4.0",
    "size": "Standard"
  }
},
{
  "model": "store.product",
  "pk": 1057,
  "fields": {
    "category": 3,
    "name": "Yoga & Pilates – Yoga Fitness Ball 65cm",
    "price": "106.44",
    "stock": 22,
    "description": "Ideal for beginners and advanced users alike with versatile features.",
    "image": "products/curated_prod_1057.png",
    "is_featured": false,
    "is_sale": false,
    "rating": "0.0",
    "size": "5kg,10kg,15kg,20kg"
  }
},
{
  "model": "store.product",
  "pk": 1058,
  "fields": {
    "category": 3,
    "name": "Yoga & Pilates – Hot Yoga Towel Microfibre",
    "price": "43.37",
    "stock": 100,
    "description": "Delivers exceptional value with premium features at an affordable price point.",
    "image": "products/curated_prod_1058.png",
    "is_featured": false,
    "is_sale": false,
    "rating": "4.4",
    "size": "6kg,8kg,12kg,16kg,20kg"
  }
},
{
  "model": "store.product",
  "pk": 1059,
  "fields": {
    "category": 3,
    "name": "Yoga & Pilates – Meditation Singing Bowl",
    "price": "78.88",
    "stock": 94,
    "description": "Experience unmatched comfort and functionality with this innovative design.",
    "image": "products/curated_prod_1059.png",
    "is_featured": false,
    "is_sale": false,
    "rating": "0.0",
    "size": "Light,Medium,Heavy"
  }
},
{
  "model": "store.product",
  "pk": 1060,
  "fields": {
    "category": 3,
    "name": "Yoga & Pilates – Aromatherapy Yoga Kit",
    "price": "27.61",
    "stock": 96,
    "description": "Premium quality product designed for optimal performance and durability.",
    "image": "products/curated_prod_1060.png",
    "is_featured": false,
    "is_sale": false,
    "rating": "0.0",
    "size": "XS,S,M,L,XL"
  }
},
{
  "model": "store.product",
  "pk": 1061,
  "fields": {
    "category": 4,
    "name": "Weight Loss – Smart Body Scale Wi-Fi",
    "price": "48.05",
    "stock": 60,
    "description": "Built to last with superior materials and expert craftsmanship.",
    "image": "products/curated_prod_1061.png",
    "is_featured": false,
    "is_sale": false,
    "rating": "0.0",
    "size": "Light,Medium,Heavy"
  }
},
{
  "model": "store.product",
  "pk": 1062,
  "fields": {
    "category": 4,
    "name": "Weight Loss – Calorie Counting Food Scale",
    "price": "111.98",
    "stock": 49,
    "description": "Trusted by athletes and fitness professionals worldwide for consistent quality.",
    "image": "products/curated_prod_1062.png",
    "is_featured": true,
    "is_sale": false,
    "rating": "0.0",
    "size": "S,M,L,XL,XXL"
  }
},
{
  "model": "store.product",
  "pk": 1063,
  "fields": {
    "category": 4,
    "name": "Weight Loss – Meal Prep Container Set",
    "price": "44.54",
    "stock": 89,
    "description": "Features cutting-edge design combined with practical everyday usability.",
    "image": "products/curated_prod_1063.png",
    "is_featured": false,
    "is_sale": false,
    "rating": "0.0",
    "size": "S,M,L,XL,XXL"
  }
},
{
  "model": "store.product",
  "pk": 1064,
  "fields": {
    "category": 4,
    "name": "Weight Loss – Portion Control Plate",
    "price": "33.00",
    "stock": 59,
    "description": "Backed by rigorous testing and proven performance in real-world conditions.",
    "image": "products/curated_prod_1064.png",
    "is_featured": false,
    "is_sale": false,
    "rating": "4.5",
    "size": "32cm,38cm,45cm,52cm"
  }
},
{
  "model": "store.product",
  "pk": 1065,
  "fields": {
    "category": 4,
    "name": "Weight Loss – Fat-Burning Cardio Plan",
    "price": "125.03",
    "stock": 64,
    "description": "Features cutting-edge design combined with practical everyday usability.",
    "image": "products/curated_prod_1065.png",
    "is_featured": false,
    "is_sale": false,
    "rating": "4.1",
    "size": "32cm,38cm,45cm,52cm"
  }
},
{
  "model": "store.product",
  "pk": 1066,
  "fields": {
    "category": 4,
    "name": "Weight Loss – Intermittent Fasting Timer",
    "price": "49.99",
    "stock": 31,
    "description": "Ideal for beginners and advanced users alike with versatile features.",
    "image": "products/curated_prod_1066.png",
    "is_featured": false,
    "is_sale": false,
    "rating": "0.0",
    "size": "6kg,8kg,12kg,16kg,20kg"
  }
},
{
  "model": "store.product",
  "pk": 1067,
  "fields": {
    "category": 4,
    "name": "Weight Loss – Waist Trimmer Belt Neo",
    "price": "74.38",
    "stock": 91,
    "description": "Engineered with advanced technology for maximum efficiency and results.",
    "image": "products/curated_prod_1067.png",
    "is_featured": false,
    "is_sale": false,
    "rating": "0.0",
    "size": "S,M,L,XL,XXL"
  }
},
{
  "model": "store.product",
  "pk": 1068,
  "fields": {
    "category": 4,
    "name": "Weight Loss – Body Tape Measure Pro",
    "price": "35.36",
    "stock": 49,
    "description": "Delivers exceptional value with premium features at an affordable price point.",
    "image": "products/curated_prod_1068.png",
    "is_featured": false,
    "is_sale": false,
    "rating": "4.5",
    "size": "Small,Medium,Large"
  }
},
{
  "model": "store.product",
  "pk": 1069,
  "fields": {
    "category": 4,
    "name": "Weight Loss – Resistance Band Workout Set",
    "price": "77.90",
    "stock": 7,
    "description": "Backed by rigorous testing and proven performance in real-world conditions.",
    "image": "products/curated_prod_1069.png",
    "is_featured": false,
    "is_sale": false,
    "rating": "0.0",
    "size": "XS,S,M,L,XL"
  }
},
{
  "model": "store.product",
  "pk": 1070,
  "fields": {
    "category": 4,
    "name": "Weight Loss – Jump Rope Speed 3mm",
    "price": "66.35",
    "stock": 0,
    "description": "Delivers exceptional value with premium features at an affordable price point.",
    "image": "products/curated_prod_1070.png",
    "is_featured": false,
    "is_sale": false,
    "rating": "0.0",
    "size": "Standard"
  }
},
{
  "model": "store.product",
  "pk": 1071,
  "fields": {
    "category": 4,
    "name": "Weight Loss – HIIT Timer App Annual",
    "price": "115.91",
    "stock": 69,
    "description": "Premium quality product designed for optimal performance and durability.",
    "image": "products/curated_prod_1071.png",
    "is_featured": false,
    "is_sale": false,
    "rating": "0.0",
    "size": "32cm,38cm,45cm,52cm"
  }
},
{
  "model": "store.product",
  "pk": 1072,
  "fields": {
    "category": 4,
    "name": "Weight Loss – Low-Calorie Recipe Book",
    "price": "67.50",
    "stock": 85,
    "description": "Backed by rigorous testing and proven performance in real-world conditions.",
    "image": "products/curated_prod_1072.png",
    "is_featured": false,
    "is_sale": false,
    "rating": "0.0",
    "size": "One Size"
  }
},
{
  "model": "store.product",
  "pk": 1073,
  "fields": {
    "category": 4,
    "name": "Weight Loss – Green Tea Fat Burner",
    "price": "87.11",
    "stock": 50,
    "description": "Features cutting-edge design combined with practical everyday usability.",
    "image": "products/curated_prod_1073.png",
    "is_featured": true,
    "is_sale": false,
    "rating": "4.4",
    "size": "One Size"
  }
},
{
  "model": "store.product",
  "pk": 1074,
  "fields": {
    "category": 4,
    "name": "Weight Loss – CLA Supplement 1000mg",
    "price": "39.53",
    "stock": 33,
    "description": "Ideal for beginners and advanced users alike with versatile features.",
    "image": "products/curated_prod_1074.png",
    "is_featured": false,
    "is_sale": false,
    "rating": "0.0",
    "size": "Standard"
  }
},
{
  "model": "store.product",
  "pk": 1075,
  "fields": {
    "category": 4,
    "name": "Weight Loss – Whey Protein Lean Blend",
    "price": "116.52",
    "stock": 53,
    "description": "Experience unmatched comfort and functionality with this innovative design.",
    "image": "products/curated_prod_1075.png",
    "is_featured": false,
    "is_sale": false,
    "rating": "0.0",
    "size": "XS,S,M,L,XL"
  }
},
{
  "model": "store.product",
  "pk": 1076,
  "fields": {
    "category": 4,
    "name": "Weight Loss – Collagen Peptides Powder",
    "price": "45.27",
    "stock": 8,
    "description": "Built to last with superior materials and expert craftsmanship.",
    "image": "products/curated_prod_1076.png",
    "is_featured": true,
    "is_sale": true,
    "rating": "4.7",
    "size": "6kg,8kg,12kg,16kg,20kg"
  }
},
{
  "model": "store.product",
  "pk": 1077,
  "fields": {
    "category": 4,
    "name": "Weight Loss – Glucomannan Capsules",
    "price": "128.30",
    "stock": 79,
    "description": "Features cutting-edge design combined with practical everyday usability.",
    "image": "products/curated_prod_1077.png",
    "is_featured": false,
    "is_sale": true,
    "rating": "0.0",
    "size": "6kg,8kg,12kg,16kg,20kg"
  }
},
{
  "model": "store.product",
  "pk": 1078,
  "fields": {
    "category": 4,
    "name": "Weight Loss – Apple Cider Vinegar Gummies",
    "price": "109.43",
    "stock": 98,
    "description": "Engineered with advanced technology for maximum efficiency and results.",
    "image": "products/curated_prod_1078.png",
    "is_featured": false,
    "is_sale": false,
    "rating": "4.1",
    "size": "S,M,L,XL,XXL"
  }
},
{
  "model": "store.product",
  "pk": 1079,
  "fields": {
    "category": 4,
    "name": "Weight Loss – Metabolism Boost Tea",
    "price": "145.24",
    "stock": 13,
    "description": "Trusted by athletes and fitness professionals worldwide for consistent quality.",
    "image": "products/curated_prod_1079.png",
    "is_featured": false,
    "is_sale": false,
    "rating": "0.0",
    "size": "Standard"
  }
},
{
  "model": "store.product",
  "pk": 1080,
  "fields": {
    "category": 4,
    "name": "Weight Loss – Sleep Aid Melatonin 5mg",
    "price": "142.10",
    "stock": 25,
    "description": "Backed by rigorous testing and proven performance in real-world conditions.",
    "image": "products/curated_prod_1080.png",
    "is_featured": false,
    "is_sale": false,
    "rating": "3.6",
    "size": "5kg,10kg,15kg,20kg"
  }
},
{
  "model": "store.product",
  "pk": 1081,
  "fields": {
    "category": 5,
    "name": "Muscle & Strength – Olympic Barbell 20kg",
    "price": "123.75",
    "stock": 72,
    "description": "Delivers exceptional value with premium features at an affordable price point.",
    "image": "products/curated_prod_1081.png",
    "is_featured": false,
    "is_sale": false,
    "rating": "0.0",
    "size": "S,M,L,XL,XXL"
  }
},
{
  "model": "store.product",
  "pk": 1082,
  "fields": {
    "category": 5,
    "name": "Muscle & Strength – Weight Plate Set 100kg",
    "price": "102.42",
    "stock": 1,
    "description": "Engineered with advanced technology for maximum efficiency and results.",
    "image": "products/curated_prod_1082.png",
    "is_featured": true,
    "is_sale": false,
    "rating": "0.0",
    "size": "32cm,38cm,45cm,52cm"
  }
},
{
  "model": "store.product",
  "pk": 1083,
  "fields": {
    "category": 5,
    "name": "Muscle & Strength – Power Rack Full Cage",
    "price": "73.79",
    "stock": 93,
    "description": "Features cutting-edge design combined with practical everyday usability.",
    "image": "products/curated_prod_1083.png",
    "is_featured": false,
    "is_sale": false,
    "rating": "4.3",
    "size": "Youth,Adult,Large"
  }
},
{
  "model": "store.product",
  "pk": 1084,
  "fields": {
    "category": 5,
    "name": "Muscle & Strength – Flat Weight Bench",
    "price": "77.76",
    "stock": 93,
    "description": "Ideal for beginners and advanced users alike with versatile features.",
    "image": "products/curated_prod_1084.png",
    "is_featured": false,
    "is_sale": false,
    "rating": "0.0",
    "size": "S,M,L,XL,XXL"
  }
},
{
  "model": "store.product",
  "pk": 1085,
  "fields": {
    "category": 5,
    "name": "Muscle & Strength – Adjustable FID Bench",
    "price": "134.02",
    "stock": 31,
    "description": "Features cutting-edge design combined with practical everyday usability.",
    "image": "products/curated_prod_1085.png",
    "is_featured": false,
    "is_sale": false,
    "rating": "4.6",
    "size": "XS,S,M,L,XL"
  }
},
{
  "model": "store.product",
  "pk": 1086,
  "fields": {
    "category": 5,
    "name": "Muscle & Strength – Hex Trap Bar Deadlift",
    "price": "129.88",
    "stock": 23,
    "description": "Ideal for beginners and advanced users alike with versatile features.",
    "image": "products/curated_prod_1086.png",
    "is_featured": false,
    "is_sale": false,
    "rating": "0.0",
    "size": "Light,Medium,Heavy"
  }
},
{
  "model": "store.product",
  "pk": 1087,
  "fields": {
    "category": 5,
    "name": "Muscle & Strength – EZ Curl Bar 47-Inch",
    "price": "90.03",
    "stock": 66,
    "description": "Built to last with superior materials and expert craftsmanship.",
    "image": "products/curated_prod_1087.png",
    "is_featured": false,
    "is_sale": false,
    "rating": "0.0",
    "size": "Youth,Adult,Large"
  }
},
{
  "model": "store.product",
  "pk": 1088,
  "fields": {
    "category": 5,
    "name": "Muscle & Strength – Tricep Rope Attachment",
    "price": "108.23",
    "stock": 82,
    "description": "Trusted by athletes and fitness professionals worldwide for consistent quality.",
    "image": "products/curated_prod_1088.png",
    "is_featured": false,
    "is_sale": true,
    "rating": "0.0",
    "size": "6kg,8kg,12kg,16kg,20kg"
  }
},
{
  "model": "store.product",
  "pk": 1089,
  "fields": {
    "category": 5,
    "name": "Muscle & Strength – Lat Pulldown Bar",
    "price": "108.39",
    "stock": 39,
    "description": "Delivers exceptional value with premium features at an affordable price point.",
    "image": "products/curated_prod_1089.png",
    "is_featured": false,
    "is_sale": false,
    "rating": "0.0",
    "size": "Standard"
  }
},
{
  "model": "store.product",
  "pk": 1090,
  "fields": {
    "category": 5,
    "name": "Muscle & Strength – Preacher Curl Bench",
    "price": "59.66",
    "stock": 89,
    "description": "Experience unmatched comfort and functionality with this innovative design.",
    "image": "products/curated_prod_1090.png",
    "is_featured": false,
    "is_sale": true,
    "rating": "0.0",
    "size": "6kg,8kg,12kg,16kg,20kg"
  }
},
{
  "model": "store.product",
  "pk": 1091,
  "fields": {
    "category": 5,
    "name": "Muscle & Strength – Dip Bar Station",
    "price": "31.14",
    "stock": 68,
    "description": "Ideal for beginners and advanced users alike with versatile features.",
    "image": "products/curated_prod_1091.png",
    "is_featured": true,
    "is_sale": false,
    "rating": "4.9",
    "size": "32cm,38cm,45cm,52cm"
  }
},
{
  "model": "store.product",
  "pk": 1092,
  "fields": {
    "category": 5,
    "name": "Muscle & Strength – Gymnastic Rings Wood 28mm",
    "price": "112.82",
    "stock": 97,
    "description": "Built to last with superior materials and expert craftsmanship.",
    "image": "products/curated_prod_1092.png",
    "is_featured": false,
    "is_sale": false,
    "rating": "0.0",
    "size": "5kg,10kg,15kg,20kg"
  }
},
{
  "model": "store.product",
  "pk": 1093,
  "fields": {
    "category": 5,
    "name": "Muscle & Strength – Wrist Wraps Strength",
    "price": "63.72",
    "stock": 38,
    "description": "Delivers exceptional value with premium features at an affordable price point.",
    "image": "products/curated_prod_1093.png",
    "is_featured": true,
    "is_sale": true,
    "rating": "3.5",
    "size": "XS,S,M,L,XL"
  }
},
{
  "model": "store.product",
  "pk": 1094,
  "fields": {
    "category": 5,
    "name": "Muscle & Strength – Lifting Straps Cotton Pair",
    "price": "54.44",
    "stock": 16,
    "description": "Features cutting-edge design combined with practical everyday usability.",
    "image": "products/curated_prod_1094.png",
    "is_featured": true,
    "is_sale": true,
    "rating": "0.0",
    "size": "5kg,10kg,15kg,20kg"
  }
},
{
  "model": "store.product",
  "pk": 1095,
  "fields": {
    "category": 5,
    "name": "Muscle & Strength – Powerlifting Belt 10mm",
    "price": "79.63",
    "stock": 43,
    "description": "Professional-grade equipment meeting industry standards for serious athletes.",
    "image": "products/curated_prod_1095.png",
    "is_featured": false,
    "is_sale": false,
    "rating": "0.0",
    "size": "S,M,L,XL,XXL"
  }
},
{
  "model": "store.product",
  "pk": 1096,
  "fields": {
    "category": 5,
    "name": "Muscle & Strength – Knee Sleeves 7mm Pair",
    "price": "69.10",
    "stock": 9,
    "description": "Ideal for beginners and advanced users alike with versatile features.",
    "image": "products/curated_prod_1096.png",
    "is_featured": true,
    "is_sale": true,
    "rating": "4.4",
    "size": "Light,Medium,Heavy"
  }
},
{
  "model": "store.product",
  "pk": 1097,
  "fields": {
    "category": 5,
    "name": "Muscle & Strength – Elbow Sleeves 5mm Pair",
    "price": "26.50",
    "stock": 31,
    "description": "Delivers exceptional value with premium features at an affordable price point.",
    "image": "products/curated_prod_1097.png",
    "is_featured": false,
    "is_sale": false,
    "rating": "0.0",
    "size": "6kg,8kg,12kg,16kg,20kg"
  }
},
{
  "model": "store.product",
  "pk": 1098,
  "fields": {
    "category": 5,
    "name": "Muscle & Strength – Chalk Block Gym Grade",
    "price": "66.35",
    "stock": 56,
    "description": "Premium quality product designed for optimal performance and durability.",
    "image": "products/curated_prod_1098.png",
    "is_featured": false,
    "is_sale": false,
    "rating": "3.9",
    "size": "Light,Medium,Heavy"
  }
},
{
  "model": "store.product",
  "pk": 1099,
  "fields": {
    "category": 5,
    "name": "Muscle & Strength – Deadlift Socks",
    "price": "97.30",
    "stock": 94,
    "description": "Engineered with advanced technology for maximum efficiency and results.",
    "image": "products/curated_prod_1099.png",
    "is_featured": false,
    "is_sale": false,
    "rating": "0.0",
    "size": "S,M,L,XL,XXL"
  }
},
{
  "model": "store.product",
  "pk": 1100,
  "fields": {
    "category": 5,
    "name": "Muscle & Strength – Pre-Workout Strength Formula",
    "price": "47.38",
    "stock": 70,
    "description": "Ideal for beginners and advanced users alike with versatile features.",
    "image": "products/curated_prod_1100.png",
    "is_featured": false,
    "is_sale": false,
    "rating": "0.0",
    "size": "32cm,38cm,45cm,52cm"
  }
},
{
  "model": "store.product",
  "pk": 1101,
  "fields": {
    "category": 6,
    "name": "Supplements & Nutrition – Whey Protein 2.5kg Choc",
    "price": "19.41",
    "stock": 36,
    "description": "Ideal for beginners and advanced users alike with versatile features.",
    "image": "products/curated_prod_1101.png",
    "is_featured": false,
    "is_sale": true,
    "rating": "4.6",
    "size": "6kg,8kg,12kg,16kg,20kg"
  }
},
{
  "model": "store.product",
  "pk": 1102,
  "fields": {
    "category": 6,
    "name": "Supplements & Nutrition – Plant Protein Vanilla 1kg",
    "price": "121.36",
    "stock": 80,
    "description": "Ideal for beginners and advanced users alike with versatile features.",
    "image": "products/curated_prod_1102.png",
    "is_featured": false,
    "is_sale": false,
    "rating": "0.0",
    "size": "One Size"
  }
},
{
  "model": "store.product",
  "pk": 1103,
  "fields": {
    "category": 6,
    "name": "Supplements & Nutrition – Casein Protein Midnight",
    "price": "126.60",
    "stock": 9,
    "description": "Features cutting-edge design combined with practical everyday usability.",
    "image": "products/curated_prod_1103.png",
    "is_featured": false,
    "is_sale": false,
    "rating": "0.0",
    "size": "5kg,10kg,15kg,20kg"
  }
},
{
  "model": "store.product",
  "pk": 1104,
  "fields": {
    "category": 6,
    "name": "Supplements & Nutrition – Creatine HCl Caps 750mg",
    "price": "31.79",
    "stock": 88,
    "description": "Features cutting-edge design combined with practical everyday usability.",
    "image": "products/curated_prod_1104.png",
    "is_featured": false,
    "is_sale": false,
    "rating": "0.0",
    "size": "32cm,38cm,45cm,52cm"
  }
},
{
  "model": "store.product",
  "pk": 1105,
  "fields": {
    "category": 6,
    "name": "Supplements & Nutrition – Beta-Alanine 200g Powder",
    "price": "25.86",
    "stock": 5,
    "description": "Built to last with superior materials and expert craftsmanship.",
    "image": "products/curated_prod_1105.png",
    "is_featured": false,
    "is_sale": false,
    "rating": "4.8",
    "size": "S,M,L,XL,XXL"
  }
},
{
  "model": "store.product",
  "pk": 1106,
  "fields": {
    "category": 6,
    "name": "Supplements & Nutrition – Citrulline Malate 2:1",
    "price": "144.86",
    "stock": 73,
    "description": "Backed by rigorous testing and proven performance in real-world conditions.",
    "image": "products/curated_prod_1106.png",
    "is_featured": false,
    "is_sale": false,
    "rating": "0.0",
    "size": "5kg,10kg,15kg,20kg"
  }
},
{
  "model": "store.product",
  "pk": 1107,
  "fields": {
    "category": 6,
    "name": "Supplements & Nutrition – L-Glutamine Recovery 400g",
    "price": "20.43",
    "stock": 96,
    "description": "Backed by rigorous testing and proven performance in real-world conditions.",
    "image": "products/curated_prod_1107.png",
    "is_featured": false,
    "is_sale": false,
    "rating": "3.8",
    "size": "One Size"
  }
},
{
  "model": "store.product",
  "pk": 1108,
  "fields": {
    "category": 6,
    "name": "Supplements & Nutrition – Fish Oil Omega-3 3000mg",
    "price": "73.84",
    "stock": 62,
    "description": "Engineered with advanced technology for maximum efficiency and results.",
    "image": "products/curated_prod_1108.png",
    "is_featured": false,
    "is_sale": false,
    "rating": "0.0",
    "size": "S,M,L,XL,XXL"
  }
},
{
  "model": "store.product",
  "pk": 1109,
  "fields": {
    "category": 6,
    "name": "Supplements & Nutrition – Magnesium Glycinate 400mg",
    "price": "59.52",
    "stock": 88,
    "description": "Premium quality product designed for optimal performance and durability.",
    "image": "products/curated_prod_1109.png",
    "is_featured": false,
    "is_sale": false,
    "rating": "4.2",
    "size": "Youth,Adult,Large"
  }
},
{
  "model": "store.product",
  "pk": 1110,
  "fields": {
    "category": 6,
    "name": "Supplements & Nutrition – Vitamin D3 5000IU",
    "price": "76.40",
    "stock": 40,
    "description": "Premium quality product designed for optimal performance and durability.",
    "image": "products/curated_prod_1110.png",
    "is_featured": false,
    "is_sale": false,
    "rating": "0.0",
    "size": "Youth,Adult,Large"
  }
},
{
  "model": "store.product",
  "pk": 1111,
  "fields": {
    "category": 6,
    "name": "Supplements & Nutrition – Zinc Picolinate 30mg",
    "price": "103.78",
    "stock": 69,
    "description": "Features cutting-edge design combined with practical everyday usability.",
    "image": "products/curated_prod_1111.png",
    "is_featured": true,
    "is_sale": false,
    "rating": "0.0",
    "size": "32cm,38cm,45cm,52cm"
  }
},
{
  "model": "store.product",
  "pk": 1112,
  "fields": {
    "category": 6,
    "name": "Supplements & Nutrition – Ashwagandha KSM-66 600mg",
    "price": "117.60",
    "stock": 26,
    "description": "Professional-grade equipment meeting industry standards for serious athletes.",
    "image": "products/curated_prod_1112.png",
    "is_featured": false,
    "is_sale": false,
    "rating": "0.0",
    "size": "32cm,38cm,45cm,52cm"
  }
},
{
  "model": "store.product",
  "pk": 1113,
  "fields": {
    "category": 6,
    "name": "Supplements & Nutrition – Rhodiola Rosea 500mg",
    "price": "18.90",
    "stock": 80,
    "description": "Delivers exceptional value with premium features at an affordable price point.",
    "image": "products/curated_prod_1113.png",
    "is_featured": false,
    "is_sale": false,
    "rating": "0.0",
    "size": "XS,S,M,L,XL"
  }
},
{
  "model": "store.product",
  "pk": 1114,
  "fields": {
    "category": 6,
    "name": "Supplements & Nutrition – Caffeine L-Theanine Stack",
    "price": "70.08",
    "stock": 28,
    "description": "Features cutting-edge design combined with practical everyday usability.",
    "image": "products/curated_prod_1114.png",
    "is_featured": false,
    "is_sale": true,
    "rating": "0.0",
    "size": "One Size"
  }
},
{
  "model": "store.product",
  "pk": 1115,
  "fields": {
    "category": 6,
    "name": "Supplements & Nutrition – Electrolyte Tablets x60",
    "price": "140.91",
    "stock": 37,
    "description": "Built to last with superior materials and expert craftsmanship.",
    "image": "products/curated_prod_1115.png",
    "is_featured": false,
    "is_sale": false,
    "rating": "0.0",
    "size": "32cm,38cm,45cm,52cm"
  }
},
{
  "model": "store.product",
  "pk": 1116,
  "fields": {
    "category": 6,
    "name": "Supplements & Nutrition – Greens Superfood Powder",
    "price": "76.67",
    "stock": 18,
    "description": "Ideal for beginners and advanced users alike with versatile features.",
    "image": "products/curated_prod_1116.png",
    "is_featured": false,
    "is_sale": false,
    "rating": "4.1",
    "size": "S,M,L,XL,XXL"
  }
},
{
  "model": "store.product",
  "pk": 1117,
  "fields": {
    "category": 6,
    "name": "Supplements & Nutrition – Digestive Enzyme Complex",
    "price": "119.31",
    "stock": 53,
    "description": "Backed by rigorous testing and proven performance in real-world conditions.",
    "image": "products/curated_prod_1117.png",
    "is_featured": false,
    "is_sale": true,
    "rating": "4.0",
    "size": "5kg,10kg,15kg,20kg"
  }
},
{
  "model": "store.product",
  "pk": 1118,
  "fields": {
    "category": 6,
    "name": "Supplements & Nutrition – Probiotic 50 Billion CFU",
    "price": "93.29",
    "stock": 84,
    "description": "Delivers exceptional value with premium features at an affordable price point.",
    "image": "products/curated_prod_1118.png",
    "is_featured": false,
    "is_sale": false,
    "rating": "0.0",
    "size": "Small,Medium,Large"
  }
},
{
  "model": "store.product",
  "pk": 1119,
  "fields": {
    "category": 6,
    "name": "Supplements & Nutrition – Collagen Marine Peptides",
    "price": "117.99",
    "stock": 48,
    "description": "Backed by rigorous testing and proven performance in real-world conditions.",
    "image": "products/curated_prod_1119.png",
    "is_featured": false,
    "is_sale": false,
    "rating": "0.0",
    "size": "6kg,8kg,12kg,16kg,20kg"
  }
},
{
  "model": "store.product",
  "pk": 1120,
  "fields": {
    "category": 6,
    "name": "Supplements & Nutrition – HMB Capsules 1000mg",
    "price": "66.70",
    "stock": 99,
    "description": "Trusted by athletes and fitness professionals worldwide for consistent quality.",
    "image": "products/curated_prod_1120.png",
    "is_featured": false,
    "is_sale": false,
    "rating": "0.0",
    "size": "Standard"
  }
},
{
  "model": "store.product",
  "pk": 1121,
  "fields": {
    "category": 7,
    "name": "Recovery & Wellness – Percussive Massage Gun",
    "price": "148.44",
    "stock": 83,
    "description": "Experience unmatched comfort and functionality with this innovative design.",
    "image": "products/curated_prod_1121.png",
    "is_featured": false,
    "is_sale": true,
    "rating": "0.0",
    "size": "Light,Medium,Heavy"
  }
},
{
  "model": "store.product",
  "pk": 1122,
  "fields": {
    "category": 7,
    "name": "Recovery & Wellness – Vibrating Foam Roller",
    "price": "132.41",
    "stock": 56,
    "description": "Professional-grade equipment meeting industry standards for serious athletes.",
    "image": "products/curated_prod_1122.png",
    "is_featured": true,
    "is_sale": true,
    "rating": "0.0",
    "size": "One Size"
  }
},
{
  "model": "store.product",
  "pk": 1123,
  "fields": {
    "category": 7,
    "name": "Recovery & Wellness – Cold Therapy Ice Pack Set",
    "price": "78.38",
    "stock": 33,
    "description": "Delivers exceptional value with premium features at an affordable price point.",
    "image": "products/curated_prod_1123.png",
    "is_featured": false,
    "is_sale": true,
    "rating": "4.0",
    "size": "Small,Medium,Large"
  }
},
{
  "model": "store.product",
  "pk": 1124,
  "fields": {
    "category": 7,
    "name": "Recovery & Wellness – Infrared Heating Pad Large",
    "price": "66.30",
    "stock": 40,
    "description": "Built to last with superior materials and expert craftsmanship.",
    "image": "products/curated_prod_1124.png",
    "is_featured": false,
    "is_sale": true,
    "rating": "0.0",
    "size": "S,M,L,XL,XXL"
  }
},
{
  "model": "store.product",
  "pk": 1125,
  "fields": {
    "category": 7,
    "name": "Recovery & Wellness – Compression Recovery Socks",
    "price": "100.21",
    "stock": 36,
    "description": "Features cutting-edge design combined with practical everyday usability.",
    "image": "products/curated_prod_1125.png",
    "is_featured": true,
    "is_sale": false,
    "rating": "5.0",
    "size": "S,M,L,XL,XXL"
  }
},
{
  "model": "store.product",
  "pk": 1126,
  "fields": {
    "category": 7,
    "name": "Recovery & Wellness – Epsom Salt Bath Soak 5kg",
    "price": "37.46",
    "stock": 38,
    "description": "Experience unmatched comfort and functionality with this innovative design.",
    "image": "products/curated_prod_1126.png",
    "is_featured": false,
    "is_sale": true,
    "rating": "0.0",
    "size": "Small,Medium,Large"
  }
},
{
  "model": "store.product",
  "pk": 1127,
  "fields": {
    "category": 7,
    "name": "Recovery & Wellness – Acupuncture Massage Mat",
    "price": "73.14",
    "stock": 31,
    "description": "Professional-grade equipment meeting industry standards for serious athletes.",
    "image": "products/curated_prod_1127.png",
    "is_featured": false,
    "is_sale": false,
    "rating": "4.3",
    "size": "One Size"
  }
},
{
  "model": "store.product",
  "pk": 1128,
  "fields": {
    "category": 7,
    "name": "Recovery & Wellness – TENS Unit Muscle Stimulator",
    "price": "97.28",
    "stock": 48,
    "description": "Features cutting-edge design combined with practical everyday usability.",
    "image": "products/curated_prod_1128.png",
    "is_featured": false,
    "is_sale": false,
    "rating": "0.0",
    "size": "6kg,8kg,12kg,16kg,20kg"
  }
},
{
  "model": "store.product",
  "pk": 1129,
  "fields": {
    "category": 7,
    "name": "Recovery & Wellness – Trigger Point Massage Ball",
    "price": "101.12",
    "stock": 58,
    "description": "Delivers exceptional value with premium features at an affordable price point.",
    "image": "products/curated_prod_1129.png",
    "is_featured": false,
    "is_sale": false,
    "rating": "0.0",
    "size": "5kg,10kg,15kg,20kg"
  }
},
{
  "model": "store.product",
  "pk": 1130,
  "fields": {
    "category": 7,
    "name": "Recovery & Wellness – Mobility Stick Roller",
    "price": "36.33",
    "stock": 56,
    "description": "Features cutting-edge design combined with practical everyday usability.",
    "image": "products/curated_prod_1130.png",
    "is_featured": false,
    "is_sale": false,
    "rating": "4.9",
    "size": "5kg,10kg,15kg,20kg"
  }
},
{
  "model": "store.product",
  "pk": 1131,
  "fields": {
    "category": 7,
    "name": "Recovery & Wellness – Stretching Strap Loop",
    "price": "129.12",
    "stock": 25,
    "description": "Backed by rigorous testing and proven performance in real-world conditions.",
    "image": "products/curated_prod_1131.png",
    "is_featured": true,
    "is_sale": false,
    "rating": "0.0",
    "size": "Small,Medium,Large"
  }
},
{
  "model": "store.product",
  "pk": 1132,
  "fields": {
    "category": 7,
    "name": "Recovery & Wellness – Recovery Compression Sleeves",
    "price": "54.94",
    "stock": 89,
    "description": "Backed by rigorous testing and proven performance in real-world conditions.",
    "image": "products/curated_prod_1132.png",
    "is_featured": false,
    "is_sale": true,
    "rating": "3.9",
    "size": "XS,S,M,L,XL"
  }
},
{
  "model": "store.product",
  "pk": 1133,
  "fields": {
    "category": 7,
    "name": "Recovery & Wellness – Sleep Eye Mask Contoured",
    "price": "115.60",
    "stock": 36,
    "description": "Backed by rigorous testing and proven performance in real-world conditions.",
    "image": "products/curated_prod_1133.png",
    "is_featured": false,
    "is_sale": false,
    "rating": "0.0",
    "size": "6kg,8kg,12kg,16kg,20kg"
  }
},
{
  "model": "store.product",
  "pk": 1134,
  "fields": {
    "category": 7,
    "name": "Recovery & Wellness – White Noise Sleep Machine",
    "price": "48.83",
    "stock": 96,
    "description": "Premium quality product designed for optimal performance and durability.",
    "image": "products/curated_prod_1134.png",
    "is_featured": false,
    "is_sale": true,
    "rating": "4.6",
    "size": "S,M,L,XL,XXL"
  }
},
{
  "model": "store.product",
  "pk": 1135,
  "fields": {
    "category": 7,
    "name": "Recovery & Wellness – Magnesium Spray Transdermal",
    "price": "56.71",
    "stock": 56,
    "description": "Experience unmatched comfort and functionality with this innovative design.",
    "image": "products/curated_prod_1135.png",
    "is_featured": false,
    "is_sale": true,
    "rating": "0.0",
    "size": "5kg,10kg,15kg,20kg"
  }
},
{
  "model": "store.product",
  "pk": 1136,
  "fields": {
    "category": 7,
    "name": "Recovery & Wellness – CBD Recovery Cream 1000mg",
    "price": "115.91",
    "stock": 22,
    "description": "Ideal for beginners and advanced users alike with versatile features.",
    "image": "products/curated_prod_1136.png",
    "is_featured": false,
    "is_sale": false,
    "rating": "3.8",
    "size": "Youth,Adult,Large"
  }
},
{
  "model": "store.product",
  "pk": 1137,
  "fields": {
    "category": 7,
    "name": "Recovery & Wellness – Cryotherapy Cryo Sleeve",
    "price": "127.11",
    "stock": 32,
    "description": "Professional-grade equipment meeting industry standards for serious athletes.",
    "image": "products/curated_prod_1137.png",
    "is_featured": false,
    "is_sale": false,
    "rating": "0.0",
    "size": "Small,Medium,Large"
  }
},
{
  "model": "store.product",
  "pk": 1138,
  "fields": {
    "category": 7,
    "name": "Recovery & Wellness – Warm Mist Humidifier",
    "price": "78.22",
    "stock": 9,
    "description": "Delivers exceptional value with premium features at an affordable price point.",
    "image": "products/curated_prod_1138.png",
    "is_featured": false,
    "is_sale": false,
    "rating": "0.0",
    "size": "Standard"
  }
},
{
  "model": "store.product",
  "pk": 1139,
  "fields": {
    "category": 7,
    "name": "Recovery & Wellness – Pulse Ox Recovery Monitor",
    "price": "64.38",
    "stock": 50,
    "description": "Backed by rigorous testing and proven performance in real-world conditions.",
    "image": "products/curated_prod_1139.png",
    "is_featured": true,
    "is_sale": false,
    "rating": "3.5",
    "size": "5kg,10kg,15kg,20kg"
  }
},
{
  "model": "store.product",
  "pk": 1140,
  "fields": {
    "category": 7,
    "name": "Recovery & Wellness – HRV Recovery App Annual",
    "price": "66.44",
    "stock": 81,
    "description": "Delivers exceptional value with premium features at an affordable price point.",
    "image": "products/curated_prod_1140.png",
    "is_featured": false,
    "is_sale": false,
    "rating": "0.0",
    "size": "Light,Medium,Heavy"
  }
},
{
  "model": "store.product",
  "pk": 1141,
  "fields": {
    "category": 8,
    "name": "Mobility Training – Hip Flexor Stretch Kit",
    "price": "59.28",
    "stock": 78,
    "description": "Trusted by athletes and fitness professionals worldwide for consistent quality.",
    "image": "products/curated_prod_1140_8tG4kzg.png",
    "is_featured": false,
    "is_sale": false,
    "rating": "0.0",
    "size": "5kg,10kg,15kg,20kg"
  }
},
{
  "model": "store.product",
  "pk": 1142,
  "fields": {
    "category": 8,
    "name": "Mobility Training – Thoracic Spine Roller",
    "price": "30.75",
    "stock": 5,
    "description": "Delivers exceptional value with premium features at an affordable price point.",
    "image": "products/curated_prod_1141.png",
    "is_featured": false,
    "is_sale": true,
    "rating": "0.0",
    "size": "6kg,8kg,12kg,16kg,20kg"
  }
},
{
  "model": "store.product",
  "pk": 1143,
  "fields": {
    "category": 8,
    "name": "Mobility Training – Ankle Mobility Band",
    "price": "33.31",
    "stock": 58,
    "description": "Engineered with advanced technology for maximum efficiency and results.",
    "image": "products/curated_prod_1142.png",
    "is_featured": false,
    "is_sale": false,
    "rating": "4.1",
    "size": "Light,Medium,Heavy"
  }
},
{
  "model": "store.product",
  "pk": 1144,
  "fields": {
    "category": 8,
    "name": "Mobility Training – Shoulder Mobility Stick",
    "price": "134.53",
    "stock": 83,
    "description": "Premium quality product designed for optimal performance and durability.",
    "image": "products/curated_prod_1143.png",
    "is_featured": false,
    "is_sale": false,
    "rating": "0.0",
    "size": "5kg,10kg,15kg,20kg"
  }
},
{
  "model": "store.product",
  "pk": 1145,
  "fields": {
    "category": 8,
    "name": "Mobility Training – Deep Squat Support Block",
    "price": "108.19",
    "stock": 27,
    "description": "Delivers exceptional value with premium features at an affordable price point.",
    "image": "products/curated_prod_1144.png",
    "is_featured": false,
    "is_sale": true,
    "rating": "0.0",
    "size": "Small,Medium,Large"
  }
},
{
  "model": "store.product",
  "pk": 1146,
  "fields": {
    "category": 8,
    "name": "Mobility Training – Mobility Flow Programme",
    "price": "136.73",
    "stock": 82,
    "description": "Professional-grade equipment meeting industry standards for serious athletes.",
    "image": "products/curated_prod_1145.png",
    "is_featured": false,
    "is_sale": false,
    "rating": "0.0",
    "size": "32cm,38cm,45cm,52cm"
  }
},
{
  "model": "store.product",
  "pk": 1147,
  "fields": {
    "category": 8,
    "name": "Mobility Training – Hip Circle Resistance Band",
    "price": "104.47",
    "stock": 82,
    "description": "Backed by rigorous testing and proven performance in real-world conditions.",
    "image": "products/curated_prod_1146.png",
    "is_featured": true,
    "is_sale": false,
    "rating": "0.0",
    "size": "One Size"
  }
},
{
  "model": "store.product",
  "pk": 1148,
  "fields": {
    "category": 8,
    "name": "Mobility Training – Spinal Decompression Bar",
    "price": "42.70",
    "stock": 97,
    "description": "Engineered with advanced technology for maximum efficiency and results.",
    "image": "products/curated_prod_1147.png",
    "is_featured": false,
    "is_sale": false,
    "rating": "4.3",
    "size": "Small,Medium,Large"
  }
},
{
  "model": "store.product",
  "pk": 1149,
  "fields": {
    "category": 8,
    "name": "Mobility Training – Peanut Massage Ball",
    "price": "121.47",
    "stock": 76,
    "description": "Professional-grade equipment meeting industry standards for serious athletes.",
    "image": "products/curated_prod_1148.png",
    "is_featured": false,
    "is_sale": false,
    "rating": "0.0",
    "size": "One Size"
  }
},
{
  "model": "store.product",
  "pk": 1150,
  "fields": {
    "category": 8,
    "name": "Mobility Training – Stretching Wedge Set",
    "price": "104.24",
    "stock": 3,
    "description": "Premium quality product designed for optimal performance and durability.",
    "image": "products/curated_prod_1149.png",
    "is_featured": false,
    "is_sale": false,
    "rating": "0.0",
    "size": "Small,Medium,Large"
  }
},
{
  "model": "store.product",
  "pk": 1151,
  "fields": {
    "category": 8,
    "name": "Mobility Training – Mobility E-Book",
    "price": "38.52",
    "stock": 6,
    "description": "Features cutting-edge design combined with practical everyday usability.",
    "image": "products/curated_prod_1150.png",
    "is_featured": false,
    "is_sale": false,
    "rating": "0.0",
    "size": "32cm,38cm,45cm,52cm"
  }
},
{
  "model": "store.product",
  "pk": 1152,
  "fields": {
    "category": 8,
    "name": "Mobility Training – Active Stretching Programme",
    "price": "120.03",
    "stock": 65,
    "description": "Delivers exceptional value with premium features at an affordable price point.",
    "image": "products/curated_prod_1151.png",
    "is_featured": false,
    "is_sale": false,
    "rating": "0.0",
    "size": "XS,S,M,L,XL"
  }
},
{
  "model": "store.product",
  "pk": 1153,
  "fields": {
    "category": 8,
    "name": "Mobility Training – Rotator Cuff Rehab Kit",
    "price": "55.72",
    "stock": 82,
    "description": "Professional-grade equipment meeting industry standards for serious athletes.",
    "image": "products/curated_prod_1152.png",
    "is_featured": false,
    "is_sale": false,
    "rating": "0.0",
    "size": "Standard"
  }
},
{
  "model": "store.product",
  "pk": 1154,
  "fields": {
    "category": 8,
    "name": "Mobility Training – Kneeling Pad Mobility Mat",
    "price": "81.19",
    "stock": 56,
    "description": "Ideal for beginners and advanced users alike with versatile features.",
    "image": "products/curated_prod_1153.png",
    "is_featured": false,
    "is_sale": true,
    "rating": "0.0",
    "size": "One Size"
  }
},
{
  "model": "store.product",
  "pk": 1155,
  "fields": {
    "category": 8,
    "name": "Mobility Training – Doorframe Pull-Up Bar",
    "price": "99.28",
    "stock": 74,
    "description": "Features cutting-edge design combined with practical everyday usability.",
    "image": "products/curated_prod_1154.png",
    "is_featured": false,
    "is_sale": false,
    "rating": "0.0",
    "size": "5kg,10kg,15kg,20kg"
  }
},
{
  "model": "store.product",
  "pk": 1156,
  "fields": {
    "category": 8,
    "name": "Mobility Training – Lacrosse Ball 3-Pack",
    "price": "83.25",
    "stock": 55,
    "description": "Built to last with superior materials and expert craftsmanship.",
    "image": "products/curated_prod_1155.png",
    "is_featured": true,
    "is_sale": false,
    "rating": "3.6",
    "size": "Youth,Adult,Large"
  }
},
{
  "model": "store.product",
  "pk": 1157,
  "fields": {
    "category": 8,
    "name": "Mobility Training – Mobility Snake Roller",
    "price": "73.06",
    "stock": 29,
    "description": "Trusted by athletes and fitness professionals worldwide for consistent quality.",
    "image": "products/curated_prod_1156.png",
    "is_featured": false,
    "is_sale": false,
    "rating": "0.0",
    "size": "Small,Medium,Large"
  }
},
{
  "model": "store.product",
  "pk": 1158,
  "fields": {
    "category": 8,
    "name": "Mobility Training – Wrist Mobility Trainer",
    "price": "57.19",
    "stock": 32,
    "description": "Professional-grade equipment meeting industry standards for serious athletes.",
    "image": "products/curated_prod_1157.png",
    "is_featured": false,
    "is_sale": false,
    "rating": "0.0",
    "size": "S,M,L,XL,XXL"
  }
},
{
  "model": "store.product",
  "pk": 1159,
  "fields": {
    "category": 8,
    "name": "Mobility Training – Piriformis Stretch Cushion",
    "price": "27.59",
    "stock": 12,
    "description": "Delivers exceptional value with premium features at an affordable price point.",
    "image": "products/curated_prod_1158.png",
    "is_featured": false,
    "is_sale": false,
    "rating": "0.0",
    "size": "Light,Medium,Heavy"
  }
},
{
  "model": "store.product",
  "pk": 1160,
  "fields": {
    "category": 8,
    "name": "Mobility Training – Hip Distraction Loop Band",
    "price": "90.83",
    "stock": 85,
    "description": "Premium quality product designed for optimal performance and durability.",
    "image": "products/curated_prod_1159.png",
    "is_featured": false,
    "is_sale": false,
    "rating": "0.0",
    "size": "Standard"
  }
},
{
  "model": "store.product",
  "pk": 1161,
  "fields": {
    "category": 9,
    "name": "Outdoor Adventure – Trail Running Hydration Vest",
    "price": "145.73",
    "stock": 76,
    "description": "Built to last with superior materials and expert craftsmanship.",
    "image": "products/curated_prod_1160.png",
    "is_featured": false,
    "is_sale": false,
    "rating": "0.0",
    "size": "32cm,38cm,45cm,52cm"
  }
},
{
  "model": "store.product",
  "pk": 1162,
  "fields": {
    "category": 9,
    "name": "Outdoor Adventure – Trekking Poles Carbon Pair",
    "price": "129.38",
    "stock": 44,
    "description": "Trusted by athletes and fitness professionals worldwide for consistent quality.",
    "image": "products/curated_prod_1161.png",
    "is_featured": true,
    "is_sale": false,
    "rating": "0.0",
    "size": "6kg,8kg,12kg,16kg,20kg"
  }
},
{
  "model": "store.product",
  "pk": 1163,
  "fields": {
    "category": 9,
    "name": "Outdoor Adventure – All-Terrain Trail Shoes",
    "price": "129.10",
    "stock": 98,
    "description": "Ideal for beginners and advanced users alike with versatile features.",
    "image": "products/curated_prod_1162.png",
    "is_featured": false,
    "is_sale": false,
    "rating": "4.7",
    "size": "Light,Medium,Heavy"
  }
},
{
  "model": "store.product",
  "pk": 1164,
  "fields": {
    "category": 9,
    "name": "Outdoor Adventure – Hiking GPS Navigator",
    "price": "18.91",
    "stock": 34,
    "description": "Engineered with advanced technology for maximum efficiency and results.",
    "image": "products/curated_prod_1163.png",
    "is_featured": false,
    "is_sale": false,
    "rating": "0.0",
    "size": "One Size"
  }
},
{
  "model": "store.product",
  "pk": 1165,
  "fields": {
    "category": 9,
    "name": "Outdoor Adventure – Emergency Bivvy Bag",
    "price": "91.45",
    "stock": 51,
    "description": "Built to last with superior materials and expert craftsmanship.",
    "image": "products/curated_prod_1164.png",
    "is_featured": false,
    "is_sale": true,
    "rating": "3.6",
    "size": "Youth,Adult,Large"
  }
},
{
  "model": "store.product",
  "pk": 1166,
  "fields": {
    "category": 9,
    "name": "Outdoor Adventure – Multi-Tool Outdoor 14-in-1",
    "price": "65.79",
    "stock": 58,
    "description": "Backed by rigorous testing and proven performance in real-world conditions.",
    "image": "products/curated_prod_1165.png",
    "is_featured": false,
    "is_sale": false,
    "rating": "0.0",
    "size": "Light,Medium,Heavy"
  }
},
{
  "model": "store.product",
  "pk": 1167,
  "fields": {
    "category": 9,
    "name": "Outdoor Adventure – Lightweight Backpack 45L",
    "price": "26.47",
    "stock": 6,
    "description": "Trusted by athletes and fitness professionals worldwide for consistent quality.",
    "image": "products/curated_prod_1166.png",
    "is_featured": true,
    "is_sale": true,
    "rating": "3.7",
    "size": "32cm,38cm,45cm,52cm"
  }
},
{
  "model": "store.product",
  "pk": 1168,
  "fields": {
    "category": 9,
    "name": "Outdoor Adventure – Collapsible Water Filter",
    "price": "80.56",
    "stock": 56,
    "description": "Professional-grade equipment meeting industry standards for serious athletes.",
    "image": "products/curated_prod_1167.png",
    "is_featured": false,
    "is_sale": true,
    "rating": "0.0",
    "size": "Standard"
  }
},
{
  "model": "store.product",
  "pk": 1169,
  "fields": {
    "category": 9,
    "name": "Outdoor Adventure – Headlamp 500 Lumen",
    "price": "53.24",
    "stock": 86,
    "description": "Backed by rigorous testing and proven performance in real-world conditions.",
    "image": "products/curated_prod_1168.png",
    "is_featured": false,
    "is_sale": true,
    "rating": "4.4",
    "size": "Standard"
  }
},
{
  "model": "store.product",
  "pk": 1170,
  "fields": {
    "category": 9,
    "name": "Outdoor Adventure – Navigation Compass Silva",
    "price": "22.40",
    "stock": 26,
    "description": "Experience unmatched comfort and functionality with this innovative design.",
    "image": "products/curated_prod_1169.png",
    "is_featured": false,
    "is_sale": false,
    "rating": "0.0",
    "size": "5kg,10kg,15kg,20kg"
  }
},
{
  "model": "store.product",
  "pk": 1171,
  "fields": {
    "category": 9,
    "name": "Outdoor Adventure – Packable Down Jacket 800 Fill",
    "price": "31.20",
    "stock": 63,
    "description": "Delivers exceptional value with premium features at an affordable price point.",
    "image": "products/curated_prod_1170.png",
    "is_featured": true,
    "is_sale": false,
    "rating": "0.0",
    "size": "6kg,8kg,12kg,16kg,20kg"
  }
},
{
  "model": "store.product",
  "pk": 1172,
  "fields": {
    "category": 9,
    "name": "Outdoor Adventure – Waterproof Hiking Gaiters",
    "price": "90.43",
    "stock": 85,
    "description": "Premium quality product designed for optimal performance and durability.",
    "image": "products/curated_prod_1171.png",
    "is_featured": false,
    "is_sale": false,
    "rating": "0.0",
    "size": "Standard"
  }
},
{
  "model": "store.product",
  "pk": 1173,
  "fields": {
    "category": 9,
    "name": "Outdoor Adventure – Bear Canister 700 cu in",
    "price": "77.07",
    "stock": 9,
    "description": "Ideal for beginners and advanced users alike with versatile features.",
    "image": "products/curated_prod_1172.png",
    "is_featured": false,
    "is_sale": false,
    "rating": "4.8",
    "size": "Standard"
  }
},
{
  "model": "store.product",
  "pk": 1174,
  "fields": {
    "category": 9,
    "name": "Outdoor Adventure – Lightweight Sleeping Bag -5°C",
    "price": "30.55",
    "stock": 2,
    "description": "Professional-grade equipment meeting industry standards for serious athletes.",
    "image": "products/curated_prod_1173.png",
    "is_featured": false,
    "is_sale": false,
    "rating": "0.0",
    "size": "Small,Medium,Large"
  }
},
{
  "model": "store.product",
  "pk": 1175,
  "fields": {
    "category": 9,
    "name": "Outdoor Adventure – Ultralight Trekking Tent 2P",
    "price": "73.96",
    "stock": 13,
    "description": "Experience unmatched comfort and functionality with this innovative design.",
    "image": "products/curated_prod_1174.png",
    "is_featured": false,
    "is_sale": true,
    "rating": "3.9",
    "size": "5kg,10kg,15kg,20kg"
  }
},
{
  "model": "store.product",
  "pk": 1176,
  "fields": {
    "category": 9,
    "name": "Outdoor Adventure – Paracord 550 100ft",
    "price": "44.91",
    "stock": 99,
    "description": "Experience unmatched comfort and functionality with this innovative design.",
    "image": "products/curated_prod_1175.png",
    "is_featured": false,
    "is_sale": false,
    "rating": "3.8",
    "size": "6kg,8kg,12kg,16kg,20kg"
  }
},
{
  "model": "store.product",
  "pk": 1177,
  "fields": {
    "category": 9,
    "name": "Outdoor Adventure – Trail Camera Motion Sensor",
    "price": "62.40",
    "stock": 82,
    "description": "Backed by rigorous testing and proven performance in real-world conditions.",
    "image": "products/curated_prod_1176.png",
    "is_featured": true,
    "is_sale": false,
    "rating": "0.0",
    "size": "One Size"
  }
},
{
  "model": "store.product",
  "pk": 1178,
  "fields": {
    "category": 9,
    "name": "Outdoor Adventure – Solar Charger Panel 20W",
    "price": "35.64",
    "stock": 97,
    "description": "Backed by rigorous testing and proven performance in real-world conditions.",
    "image": "products/curated_prod_1177.png",
    "is_featured": false,
    "is_sale": false,
    "rating": "0.0",
    "size": "32cm,38cm,45cm,52cm"
  }
},
{
  "model": "store.product",
  "pk": 1179,
  "fields": {
    "category": 9,
    "name": "Outdoor Adventure – Satellite Communicator Device",
    "price": "117.58",
    "stock": 57,
    "description": "Experience unmatched comfort and functionality with this innovative design.",
    "image": "products/curated_prod_1178.png",
    "is_featured": false,
    "is_sale": false,
    "rating": "4.5",
    "size": "Small,Medium,Large"
  }
},
{
  "model": "store.product",
  "pk": 1180,
  "fields": {
    "category": 9,
    "name": "Outdoor Adventure – Trekking Sandal Sport",
    "price": "35.38",
    "stock": 8,
    "description": "Experience unmatched comfort and functionality with this innovative design.",
    "image": "products/curated_prod_1179.png",
    "is_featured": false,
    "is_sale": false,
    "rating": "4.2",
    "size": "XS,S,M,L,XL"
  }
},
{
  "model": "store.product",
  "pk": 1181,
  "fields": {
    "category": 10,
    "name": "Sleep Optimization – Weighted Blanket 15lb",
    "price": "83.49",
    "stock": 39,
    "description": "Professional-grade equipment meeting industry standards for serious athletes.",
    "image": "products/curated_prod_1180.png",
    "is_featured": true,
    "is_sale": false,
    "rating": "0.0",
    "size": "S,M,L,XL,XXL"
  }
},
{
  "model": "store.product",
  "pk": 1182,
  "fields": {
    "category": 10,
    "name": "Sleep Optimization – Contour Memory Foam Pillow",
    "price": "98.03",
    "stock": 64,
    "description": "Features cutting-edge design combined with practical everyday usability.",
    "image": "products/curated_prod_1181.png",
    "is_featured": false,
    "is_sale": false,
    "rating": "4.1",
    "size": "XS,S,M,L,XL"
  }
},
{
  "model": "store.product",
  "pk": 1183,
  "fields": {
    "category": 10,
    "name": "Sleep Optimization – White Noise Machine Pro",
    "price": "137.72",
    "stock": 73,
    "description": "Features cutting-edge design combined with practical everyday usability.",
    "image": "products/curated_prod_1182.png",
    "is_featured": false,
    "is_sale": false,
    "rating": "0.0",
    "size": "XS,S,M,L,XL"
  }
},
{
  "model": "store.product",
  "pk": 1184,
  "fields": {
    "category": 10,
    "name": "Sleep Optimization – Sleep Tracking Smart Mat",
    "price": "28.97",
    "stock": 43,
    "description": "Features cutting-edge design combined with practical everyday usability.",
    "image": "products/curated_prod_1183.png",
    "is_featured": false,
    "is_sale": false,
    "rating": "0.0",
    "size": "6kg,8kg,12kg,16kg,20kg"
  }
},
{
  "model": "store.product",
  "pk": 1185,
  "fields": {
    "category": 10,
    "name": "Sleep Optimization – Sunrise Alarm Clock",
    "price": "148.78",
    "stock": 67,
    "description": "Trusted by athletes and fitness professionals worldwide for consistent quality.",
    "image": "products/curated_prod_1184.png",
    "is_featured": false,
    "is_sale": false,
    "rating": "0.0",
    "size": "Standard"
  }
},
{
  "model": "store.product",
  "pk": 1186,
  "fields": {
    "category": 10,
    "name": "Sleep Optimization – Blackout Curtain Liners",
    "price": "119.55",
    "stock": 86,
    "description": "Delivers exceptional value with premium features at an affordable price point.",
    "image": "products/curated_prod_1185.png",
    "is_featured": false,
    "is_sale": true,
    "rating": "4.4",
    "size": "S,M,L,XL,XXL"
  }
},
{
  "model": "store.product",
  "pk": 1187,
  "fields": {
    "category": 10,
    "name": "Sleep Optimization – Melatonin 5mg Fast Dissolve",
    "price": "106.58",
    "stock": 36,
    "description": "Experience unmatched comfort and functionality with this innovative design.",
    "image": "products/curated_prod_1186.png",
    "is_featured": false,
    "is_sale": false,
    "rating": "3.9",
    "size": "One Size"
  }
},
{
  "model": "store.product",
  "pk": 1188,
  "fields": {
    "category": 10,
    "name": "Sleep Optimization – Magnesium Bisglycinate Sleep",
    "price": "26.00",
    "stock": 84,
    "description": "Engineered with advanced technology for maximum efficiency and results.",
    "image": "products/curated_prod_1187.png",
    "is_featured": false,
    "is_sale": false,
    "rating": "0.0",
    "size": "Standard"
  }
},
{
  "model": "store.product",
  "pk": 1189,
  "fields": {
    "category": 10,
    "name": "Sleep Optimization – Cooling Mattress Topper",
    "price": "95.33",
    "stock": 10,
    "description": "Delivers exceptional value with premium features at an affordable price point.",
    "image": "products/curated_prod_1188.png",
    "is_featured": false,
    "is_sale": false,
    "rating": "0.0",
    "size": "One Size"
  }
},
{
  "model": "store.product",
  "pk": 1190,
  "fields": {
    "category": 10,
    "name": "Sleep Optimization – Blue Light Blocking Glasses",
    "price": "27.62",
    "stock": 85,
    "description": "Experience unmatched comfort and functionality with this innovative design.",
    "image": "products/curated_prod_1189.png",
    "is_featured": true,
    "is_sale": false,
    "rating": "0.0",
    "size": "6kg,8kg,12kg,16kg,20kg"
  }
},
{
  "model": "store.product",
  "pk": 1191,
  "fields": {
    "category": 10,
    "name": "Sleep Optimization – Sleep Coaching App Premium",
    "price": "142.94",
    "stock": 62,
    "description": "Delivers exceptional value with premium features at an affordable price point.",
    "image": "products/curated_prod_1190.png",
    "is_featured": true,
    "is_sale": false,
    "rating": "0.0",
    "size": "S,M,L,XL,XXL"
  }
},
{
  "model": "store.product",
  "pk": 1192,
  "fields": {
    "category": 10,
    "name": "Sleep Optimization – Guided Sleep Meditation Set",
    "price": "119.07",
    "stock": 94,
    "description": "Engineered with advanced technology for maximum efficiency and results.",
    "image": "products/curated_prod_1191.png",
    "is_featured": false,
    "is_sale": false,
    "rating": "0.0",
    "size": "Light,Medium,Heavy"
  }
},
{
  "model": "store.product",
  "pk": 1193,
  "fields": {
    "category": 10,
    "name": "Sleep Optimization – Lavender Essential Oil 30ml",
    "price": "95.63",
    "stock": 19,
    "description": "Features cutting-edge design combined with practical everyday usability.",
    "image": "products/curated_prod_1192.png",
    "is_featured": false,
    "is_sale": false,
    "rating": "3.7",
    "size": "One Size"
  }
},
{
  "model": "store.product",
  "pk": 1194,
  "fields": {
    "category": 10,
    "name": "Sleep Optimization – Aromatherapy Diffuser",
    "price": "20.90",
    "stock": 46,
    "description": "Built to last with superior materials and expert craftsmanship.",
    "image": "products/curated_prod_1193.png",
    "is_featured": false,
    "is_sale": false,
    "rating": "0.0",
    "size": "32cm,38cm,45cm,52cm"
  }
},
{
  "model": "store.product",
  "pk": 1195,
  "fields": {
    "category": 10,
    "name": "Sleep Optimization – Sleep Sound Earplugs",
    "price": "87.09",
    "stock": 39,
    "description": "Features cutting-edge design combined with practical everyday usability.",
    "image": "products/curated_prod_1194.png",
    "is_featured": false,
    "is_sale": false,
    "rating": "0.0",
    "size": "Light,Medium,Heavy"
  }
},
{
  "model": "store.product",
  "pk": 1196,
  "fields": {
    "category": 10,
    "name": "Sleep Optimization – Eye Mask Silk Contoured",
    "price": "77.33",
    "stock": 36,
    "description": "Backed by rigorous testing and proven performance in real-world conditions.",
    "image": "products/curated_prod_1195.png",
    "is_featured": false,
    "is_sale": false,
    "rating": "4.7",
    "size": "6kg,8kg,12kg,16kg,20kg"
  }
},
{
  "model": "store.product",
  "pk": 1197,
  "fields": {
    "category": 10,
    "name": "Sleep Optimization – Sleep Restriction Workbook",
    "price": "33.68",
    "stock": 32,
    "description": "Delivers exceptional value with premium features at an affordable price point.",
    "image": "products/curated_prod_1196.png",
    "is_featured": false,
    "is_sale": false,
    "rating": "0.0",
    "size": "S,M,L,XL,XXL"
  }
},
{
  "model": "store.product",
  "pk": 1198,
  "fields": {
    "category": 10,
    "name": "Sleep Optimization – Temperature Regulating Duvet",
    "price": "129.91",
    "stock": 36,
    "description": "Trusted by athletes and fitness professionals worldwide for consistent quality.",
    "image": "products/curated_prod_1197.png",
    "is_featured": false,
    "is_sale": false,
    "rating": "0.0",
    "size": "One Size"
  }
},
{
  "model": "store.product",
  "pk": 1199,
  "fields": {
    "category": 10,
    "name": "Sleep Optimization – Pillow Protector Waterproof",
    "price": "27.38",
    "stock": 28,
    "description": "Delivers exceptional value with premium features at an affordable price point.",
    "image": "products/curated_prod_1198.png",
    "is_featured": false,
    "is_sale": false,
    "rating": "0.0",
    "size": "Standard"
  }
},
{
  "model": "store.product",
  "pk": 1200,
  "fields": {
    "category": 10,
    "name": "Sleep Optimization – Adjustable Bed Wedge Pillow",
    "price": "65.48",
    "stock": 49,
    "description": "Experience unmatched comfort and functionality with this innovative design.",
    "image": "products/curated_prod_1199.png",
    "is_featured": false,
    "is_sale": false,
    "rating": "0.0",
    "size": "S,M,L,XL,XXL"
  }
},
{
  "model": "store.product",
  "pk": 1201,
  "fields": {
    "category": 11,
    "name": "Kettlebell Workouts – Cast Iron Kettlebell 8kg",
    "price": "121.84",
    "stock": 17,
    "description": "Features cutting-edge design combined with practical everyday usability.",
    "image": "products/curated_prod_1200.png",
    "is_featured": false,
    "is_sale": true,
    "rating": "0.0",
    "size": "32cm,38cm,45cm,52cm"
  }
},
{
  "model": "store.product",
  "pk": 1202,
  "fields": {
    "category": 11,
    "name": "Kettlebell Workouts – Vinyl Dipped Kettlebell 12kg",
    "price": "98.07",
    "stock": 10,
    "description": "Delivers exceptional value with premium features at an affordable price point.",
    "image": "products/curated_prod_1201.png",
    "is_featured": false,
    "is_sale": false,
    "rating": "0.0",
    "size": "Light,Medium,Heavy"
  }
},
{
  "model": "store.product",
  "pk": 1203,
  "fields": {
    "category": 11,
    "name": "Kettlebell Workouts – Competition Kettlebell 16kg",
    "price": "72.14",
    "stock": 99,
    "description": "Features cutting-edge design combined with practical everyday usability.",
    "image": "products/curated_prod_1202.png",
    "is_featured": true,
    "is_sale": false,
    "rating": "0.0",
    "size": "Light,Medium,Heavy"
  }
},
{
  "model": "store.product",
  "pk": 1204,
  "fields": {
    "category": 11,
    "name": "Kettlebell Workouts – Adjustable Kettlebell 6-32kg",
    "price": "23.48",
    "stock": 63,
    "description": "Ideal for beginners and advanced users alike with versatile features.",
    "image": "products/curated_prod_1203.png",
    "is_featured": false,
    "is_sale": false,
    "rating": "0.0",
    "size": "One Size"
  }
},
{
  "model": "store.product",
  "pk": 1205,
  "fields": {
    "category": 11,
    "name": "Kettlebell Workouts – Kettlebell 24kg Pro",
    "price": "72.95",
    "stock": 78,
    "description": "Delivers exceptional value with premium features at an affordable price point.",
    "image": "products/curated_prod_1204.png",
    "is_featured": false,
    "is_sale": false,
    "rating": "4.0",
    "size": "S,M,L,XL,XXL"
  }
},
{
  "model": "store.product",
  "pk": 1206,
  "fields": {
    "category": 11,
    "name": "Kettlebell Workouts – Kettlebell 32kg Power",
    "price": "146.58",
    "stock": 8,
    "description": "Premium quality product designed for optimal performance and durability.",
    "image": "products/curated_prod_1205.png",
    "is_featured": false,
    "is_sale": false,
    "rating": "4.9",
    "size": "Youth,Adult,Large"
  }
},
{
  "model": "store.product",
  "pk": 1207,
  "fields": {
    "category": 11,
    "name": "Kettlebell Workouts – Double Kettlebell Set 2×16kg",
    "price": "67.71",
    "stock": 60,
    "description": "Experience unmatched comfort and functionality with this innovative design.",
    "image": "products/curated_prod_1206.png",
    "is_featured": false,
    "is_sale": false,
    "rating": "0.0",
    "size": "XS,S,M,L,XL"
  }
},
{
  "model": "store.product",
  "pk": 1208,
  "fields": {
    "category": 11,
    "name": "Kettlebell Workouts – Kettlebell Training Manual",
    "price": "121.45",
    "stock": 44,
    "description": "Engineered with advanced technology for maximum efficiency and results.",
    "image": "products/curated_prod_1207.png",
    "is_featured": false,
    "is_sale": false,
    "rating": "3.9",
    "size": "Small,Medium,Large"
  }
},
{
  "model": "store.product",
  "pk": 1209,
  "fields": {
    "category": 11,
    "name": "Kettlebell Workouts – Kettlebell Swing Target Mat",
    "price": "20.99",
    "stock": 69,
    "description": "Features cutting-edge design combined with practical everyday usability.",
    "image": "products/curated_prod_1208.png",
    "is_featured": true,
    "is_sale": false,
    "rating": "4.0",
    "size": "32cm,38cm,45cm,52cm"
  }
},
{
  "model": "store.product",
  "pk": 1210,
  "fields": {
    "category": 11,
    "name": "Kettlebell Workouts – Hardstyle KB Programme 12wk",
    "price": "100.28",
    "stock": 17,
    "description": "Premium quality product designed for optimal performance and durability.",
    "image": "products/curated_prod_1209.png",
    "is_featured": true,
    "is_sale": false,
    "rating": "0.0",
    "size": "6kg,8kg,12kg,16kg,20kg"
  }
},
{
  "model": "store.product",
  "pk": 1211,
  "fields": {
    "category": 11,
    "name": "Kettlebell Workouts – Kettlebell Sport Gloves",
    "price": "57.61",
    "stock": 39,
    "description": "Ideal for beginners and advanced users alike with versatile features.",
    "image": "products/curated_prod_1210.png",
    "is_featured": false,
    "is_sale": true,
    "rating": "4.3",
    "size": "6kg,8kg,12kg,16kg,20kg"
  }
},
{
  "model": "store.product",
  "pk": 1212,
  "fields": {
    "category": 11,
    "name": "Kettlebell Workouts – KB Handle Barbell Adapter",
    "price": "63.19",
    "stock": 99,
    "description": "Trusted by athletes and fitness professionals worldwide for consistent quality.",
    "image": "products/curated_prod_1211.png",
    "is_featured": false,
    "is_sale": true,
    "rating": "3.6",
    "size": "Small,Medium,Large"
  }
},
{
  "model": "store.product",
  "pk": 1213,
  "fields": {
    "category": 11,
    "name": "Kettlebell Workouts – Kettlebell Chalk Bowl",
    "price": "135.08",
    "stock": 95,
    "description": "Experience unmatched comfort and functionality with this innovative design.",
    "image": "products/curated_prod_1212.png",
    "is_featured": false,
    "is_sale": false,
    "rating": "0.0",
    "size": "32cm,38cm,45cm,52cm"
  }
},
{
  "model": "store.product",
  "pk": 1214,
  "fields": {
    "category": 11,
    "name": "Kettlebell Workouts – Wrist Guard KB Set",
    "price": "139.78",
    "stock": 66,
    "description": "Engineered with advanced technology for maximum efficiency and results.",
    "image": "products/curated_prod_1213.png",
    "is_featured": false,
    "is_sale": true,
    "rating": "0.0",
    "size": "Light,Medium,Heavy"
  }
},
{
  "model": "store.product",
  "pk": 1215,
  "fields": {
    "category": 11,
    "name": "Kettlebell Workouts – Forearm Protector Sleeves",
    "price": "88.64",
    "stock": 41,
    "description": "Trusted by athletes and fitness professionals worldwide for consistent quality.",
    "image": "products/curated_prod_1214.png",
    "is_featured": false,
    "is_sale": false,
    "rating": "0.0",
    "size": "Light,Medium,Heavy"
  }
},
{
  "model": "store.product",
  "pk": 1216,
  "fields": {
    "category": 11,
    "name": "Kettlebell Workouts – Grip Aid Liquid Chalk",
    "price": "37.50",
    "stock": 56,
    "description": "Trusted by athletes and fitness professionals worldwide for consistent quality.",
    "image": "products/curated_prod_1215.png",
    "is_featured": false,
    "is_sale": false,
    "rating": "0.0",
    "size": "Light,Medium,Heavy"
  }
},
{
  "model": "store.product",
  "pk": 1217,
  "fields": {
    "category": 11,
    "name": "Kettlebell Workouts – Kettlebell Rack Stand 2-Tier",
    "price": "52.06",
    "stock": 7,
    "description": "Premium quality product designed for optimal performance and durability.",
    "image": "products/curated_prod_1216.png",
    "is_featured": false,
    "is_sale": false,
    "rating": "3.6",
    "size": "One Size"
  }
},
{
  "model": "store.product",
  "pk": 1218,
  "fields": {
    "category": 11,
    "name": "Kettlebell Workouts – KB Conditioning Programme",
    "price": "34.28",
    "stock": 77,
    "description": "Experience unmatched comfort and functionality with this innovative design.",
    "image": "products/curated_prod_1217.png",
    "is_featured": true,
    "is_sale": true,
    "rating": "0.0",
    "size": "Small,Medium,Large"
  }
},
{
  "model": "store.product",
  "pk": 1219,
  "fields": {
    "category": 11,
    "name": "Kettlebell Workouts – Swing Counter App",
    "price": "66.69",
    "stock": 72,
    "description": "Features cutting-edge design combined with practical everyday usability.",
    "image": "products/curated_prod_1218.png",
    "is_featured": false,
    "is_sale": false,
    "rating": "0.0",
    "size": "Small,Medium,Large"
  }
},
{
  "model": "store.product",
  "pk": 1220,
  "fields": {
    "category": 11,
    "name": "Kettlebell Workouts – Enter the Kettlebell Book",
    "price": "118.02",
    "stock": 73,
    "description": "Professional-grade equipment meeting industry standards for serious athletes.",
    "image": "products/curated_prod_1219.png",
    "is_featured": false,
    "is_sale": false,
    "rating": "0.0",
    "size": "6kg,8kg,12kg,16kg,20kg"
  }
},
{
  "model": "store.product",
  "pk": 1221,
  "fields": {
    "category": 12,
    "name": "Activewear Clothing – Compression Tights Men",
    "price": "18.50",
    "stock": 23,
    "description": "Features cutting-edge design combined with practical everyday usability.",
    "image": "products/curated_prod_1220.png",
    "is_featured": false,
    "is_sale": true,
    "rating": "0.0",
    "size": "5kg,10kg,15kg,20kg"
  }
},
{
  "model": "store.product",
  "pk": 1222,
  "fields": {
    "category": 12,
    "name": "Activewear Clothing – High-Waist Leggings Women",
    "price": "43.97",
    "stock": 78,
    "description": "Features cutting-edge design combined with practical everyday usability.",
    "image": "products/curated_prod_1221.png",
    "is_featured": false,
    "is_sale": true,
    "rating": "0.0",
    "size": "S,M,L,XL,XXL"
  }
},
{
  "model": "store.product",
  "pk": 1223,
  "fields": {
    "category": 12,
    "name": "Activewear Clothing – Athletic Performance Tee",
    "price": "38.31",
    "stock": 91,
    "description": "Experience unmatched comfort and functionality with this innovative design.",
    "image": "products/curated_prod_1222.png",
    "is_featured": false,
    "is_sale": false,
    "rating": "0.0",
    "size": "Small,Medium,Large"
  }
},
{
  "model": "store.product",
  "pk": 1224,
  "fields": {
    "category": 12,
    "name": "Activewear Clothing – Racerback Sports Bra",
    "price": "110.79",
    "stock": 70,
    "description": "Experience unmatched comfort and functionality with this innovative design.",
    "image": "products/curated_prod_1223.png",
    "is_featured": false,
    "is_sale": false,
    "rating": "0.0",
    "size": "One Size"
  }
},
{
  "model": "store.product",
  "pk": 1225,
  "fields": {
    "category": 12,
    "name": "Activewear Clothing – High-Impact Sports Bra",
    "price": "83.68",
    "stock": 15,
    "description": "Delivers exceptional value with premium features at an affordable price point.",
    "image": "products/curated_prod_1224.png",
    "is_featured": false,
    "is_sale": false,
    "rating": "0.0",
    "size": "Small,Medium,Large"
  }
},
{
  "model": "store.product",
  "pk": 1226,
  "fields": {
    "category": 12,
    "name": "Activewear Clothing – Running Shorts 5-Inch",
    "price": "92.26",
    "stock": 59,
    "description": "Ideal for beginners and advanced users alike with versatile features.",
    "image": "products/curated_prod_1225.png",
    "is_featured": true,
    "is_sale": false,
    "rating": "4.7",
    "size": "S,M,L,XL,XXL"
  }
},
{
  "model": "store.product",
  "pk": 1227,
  "fields": {
    "category": 12,
    "name": "Activewear Clothing – Gym Shorts 9-Inch",
    "price": "68.75",
    "stock": 91,
    "description": "Professional-grade equipment meeting industry standards for serious athletes.",
    "image": "products/curated_prod_1226.png",
    "is_featured": false,
    "is_sale": false,
    "rating": "4.6",
    "size": "Light,Medium,Heavy"
  }
},
{
  "model": "store.product",
  "pk": 1228,
  "fields": {
    "category": 12,
    "name": "Activewear Clothing – Training Tank Top",
    "price": "31.92",
    "stock": 40,
    "description": "Delivers exceptional value with premium features at an affordable price point.",
    "image": "products/curated_prod_1227.png",
    "is_featured": false,
    "is_sale": false,
    "rating": "0.0",
    "size": "One Size"
  }
},
{
  "model": "store.product",
  "pk": 1229,
  "fields": {
    "category": 12,
    "name": "Activewear Clothing – Full-Zip Hoodie Fleece",
    "price": "101.37",
    "stock": 23,
    "description": "Professional-grade equipment meeting industry standards for serious athletes.",
    "image": "products/curated_prod_1228.png",
    "is_featured": false,
    "is_sale": false,
    "rating": "0.0",
    "size": "XS,S,M,L,XL"
  }
},
{
  "model": "store.product",
  "pk": 1230,
  "fields": {
    "category": 12,
    "name": "Activewear Clothing – Lightweight Running Jacket",
    "price": "84.94",
    "stock": 38,
    "description": "Ideal for beginners and advanced users alike with versatile features.",
    "image": "products/curated_prod_1229.png",
    "is_featured": false,
    "is_sale": false,
    "rating": "0.0",
    "size": "Youth,Adult,Large"
  }
},
{
  "model": "store.product",
  "pk": 1231,
  "fields": {
    "category": 12,
    "name": "Activewear Clothing – Thermal Base Layer Top",
    "price": "129.20",
    "stock": 32,
    "description": "Delivers exceptional value with premium features at an affordable price point.",
    "image": "products/curated_prod_1230.png",
    "is_featured": false,
    "is_sale": false,
    "rating": "3.8",
    "size": "Light,Medium,Heavy"
  }
},
{
  "model": "store.product",
  "pk": 1232,
  "fields": {
    "category": 12,
    "name": "Activewear Clothing – Thermal Base Layer Bottoms",
    "price": "27.61",
    "stock": 82,
    "description": "Experience unmatched comfort and functionality with this innovative design.",
    "image": "products/curated_prod_1231.png",
    "is_featured": true,
    "is_sale": false,
    "rating": "3.8",
    "size": "Light,Medium,Heavy"
  }
},
{
  "model": "store.product",
  "pk": 1233,
  "fields": {
    "category": 12,
    "name": "Activewear Clothing – Athletic Polo Shirt",
    "price": "128.74",
    "stock": 72,
    "description": "Ideal for beginners and advanced users alike with versatile features.",
    "image": "products/curated_prod_1232.png",
    "is_featured": true,
    "is_sale": false,
    "rating": "0.0",
    "size": "Light,Medium,Heavy"
  }
},
{
  "model": "store.product",
  "pk": 1234,
  "fields": {
    "category": 12,
    "name": "Activewear Clothing – Swim Performance Jammers",
    "price": "102.90",
    "stock": 98,
    "description": "Ideal for beginners and advanced users alike with versatile features.",
    "image": "products/curated_prod_1233.png",
    "is_featured": false,
    "is_sale": false,
    "rating": "4.4",
    "size": "Youth,Adult,Large"
  }
},
{
  "model": "store.product",
  "pk": 1235,
  "fields": {
    "category": 12,
    "name": "Activewear Clothing – Training Gloves Half-Finger",
    "price": "101.66",
    "stock": 38,
    "description": "Engineered with advanced technology for maximum efficiency and results.",
    "image": "products/curated_prod_1234.png",
    "is_featured": false,
    "is_sale": false,
    "rating": "4.2",
    "size": "XS,S,M,L,XL"
  }
},
{
  "model": "store.product",
  "pk": 1236,
  "fields": {
    "category": 12,
    "name": "Activewear Clothing – CrossFit Nano Shoe",
    "price": "74.35",
    "stock": 61,
    "description": "Experience unmatched comfort and functionality with this innovative design.",
    "image": "products/curated_prod_1235.png",
    "is_featured": false,
    "is_sale": false,
    "rating": "0.0",
    "size": "Small,Medium,Large"
  }
},
{
  "model": "store.product",
  "pk": 1237,
  "fields": {
    "category": 12,
    "name": "Activewear Clothing – Running Sock Cushion 3-Pack",
    "price": "146.68",
    "stock": 16,
    "description": "Professional-grade equipment meeting industry standards for serious athletes.",
    "image": "products/curated_prod_1236.png",
    "is_featured": false,
    "is_sale": false,
    "rating": "4.6",
    "size": "32cm,38cm,45cm,52cm"
  }
},
{
  "model": "store.product",
  "pk": 1238,
  "fields": {
    "category": 12,
    "name": "Activewear Clothing – Compression Calf Sleeves",
    "price": "51.11",
    "stock": 31,
    "description": "Trusted by athletes and fitness professionals worldwide for consistent quality.",
    "image": "products/curated_prod_1237.png",
    "is_featured": false,
    "is_sale": false,
    "rating": "0.0",
    "size": "Light,Medium,Heavy"
  }
},
{
  "model": "store.product",
  "pk": 1239,
  "fields": {
    "category": 12,
    "name": "Activewear Clothing – Athletic Headband Wide",
    "price": "48.52",
    "stock": 20,
    "description": "Features cutting-edge design combined with practical everyday usability.",
    "image": "products/curated_prod_1238.png",
    "is_featured": false,
    "is_sale": false,
    "rating": "4.7",
    "size": "One Size"
  }
},
{
  "model": "store.product",
  "pk": 1240,
  "fields": {
    "category": 12,
    "name": "Activewear Clothing – Sweat-Wicking Cap Running",
    "price": "149.46",
    "stock": 59,
    "description": "Delivers exceptional value with premium features at an affordable price point.",
    "image": "products/curated_prod_1239.png",
    "is_featured": false,
    "is_sale": true,
    "rating": "0.0",
    "size": "Standard"
  }
},
{
  "model": "store.product",
  "pk": 1241,
  "fields": {
    "category": 13,
    "name": "Bodyweight Calisthenics – Pull-Up Bar Doorframe",
    "price": "76.73",
    "stock": 30,
    "description": "Features cutting-edge design combined with practical everyday usability.",
    "image": "products/curated_prod_1240.png",
    "is_featured": true,
    "is_sale": false,
    "rating": "0.0",
    "size": "Light,Medium,Heavy"
  }
},
{
  "model": "store.product",
  "pk": 1242,
  "fields": {
    "category": 13,
    "name": "Bodyweight Calisthenics – Parallel Bar Dip Station",
    "price": "53.58",
    "stock": 1,
    "description": "Trusted by athletes and fitness professionals worldwide for consistent quality.",
    "image": "products/curated_prod_1241.png",
    "is_featured": true,
    "is_sale": false,
    "rating": "0.0",
    "size": "Small,Medium,Large"
  }
},
{
  "model": "store.product",
  "pk": 1243,
  "fields": {
    "category": 13,
    "name": "Bodyweight Calisthenics – Push-Up Board Multi-Angle",
    "price": "64.40",
    "stock": 51,
    "description": "Trusted by athletes and fitness professionals worldwide for consistent quality.",
    "image": "products/curated_prod_1242.png",
    "is_featured": true,
    "is_sale": false,
    "rating": "3.6",
    "size": "S,M,L,XL,XXL"
  }
},
{
  "model": "store.product",
  "pk": 1244,
  "fields": {
    "category": 13,
    "name": "Bodyweight Calisthenics – Gymnastic Rings 28mm",
    "price": "83.07",
    "stock": 97,
    "description": "Trusted by athletes and fitness professionals worldwide for consistent quality.",
    "image": "products/curated_prod_1243.png",
    "is_featured": false,
    "is_sale": true,
    "rating": "4.3",
    "size": "S,M,L,XL,XXL"
  }
},
{
  "model": "store.product",
  "pk": 1245,
  "fields": {
    "category": 13,
    "name": "Bodyweight Calisthenics – Calisthenics Parallettes Low",
    "price": "65.38",
    "stock": 43,
    "description": "Trusted by athletes and fitness professionals worldwide for consistent quality.",
    "image": "products/curated_prod_1244.png",
    "is_featured": false,
    "is_sale": false,
    "rating": "0.0",
    "size": "Youth,Adult,Large"
  }
},
{
  "model": "store.product",
  "pk": 1246,
  "fields": {
    "category": 13,
    "name": "Bodyweight Calisthenics – Calisthenics Parallettes High",
    "price": "82.51",
    "stock": 5,
    "description": "Engineered with advanced technology for maximum efficiency and results.",
    "image": "products/curated_prod_1245.png",
    "is_featured": false,
    "is_sale": false,
    "rating": "3.6",
    "size": "32cm,38cm,45cm,52cm"
  }
},
{
  "model": "store.product",
  "pk": 1247,
  "fields": {
    "category": 13,
    "name": "Bodyweight Calisthenics – Resistance Band Pull-Up Assist",
    "price": "96.85",
    "stock": 65,
    "description": "Ideal for beginners and advanced users alike with versatile features.",
    "image": "products/curated_prod_1246.png",
    "is_featured": false,
    "is_sale": false,
    "rating": "3.7",
    "size": "Light,Medium,Heavy"
  }
},
{
  "model": "store.product",
  "pk": 1248,
  "fields": {
    "category": 13,
    "name": "Bodyweight Calisthenics – Ab Wheel Rollout Trainer",
    "price": "95.15",
    "stock": 64,
    "description": "Premium quality product designed for optimal performance and durability.",
    "image": "products/curated_prod_1247.png",
    "is_featured": false,
    "is_sale": false,
    "rating": "4.7",
    "size": "32cm,38cm,45cm,52cm"
  }
},
{
  "model": "store.product",
  "pk": 1249,
  "fields": {
    "category": 13,
    "name": "Bodyweight Calisthenics – Suspension Trainer Straps",
    "price": "64.73",
    "stock": 86,
    "description": "Backed by rigorous testing and proven performance in real-world conditions.",
    "image": "products/curated_prod_1248.png",
    "is_featured": false,
    "is_sale": false,
    "rating": "0.0",
    "size": "XS,S,M,L,XL"
  }
},
{
  "model": "store.product",
  "pk": 1250,
  "fields": {
    "category": 13,
    "name": "Bodyweight Calisthenics – Power Tower Home Station",
    "price": "79.07",
    "stock": 83,
    "description": "Features cutting-edge design combined with practical everyday usability.",
    "image": "products/curated_prod_1249.png",
    "is_featured": false,
    "is_sale": false,
    "rating": "4.7",
    "size": "Light,Medium,Heavy"
  }
},
{
  "model": "store.product",
  "pk": 1251,
  "fields": {
    "category": 13,
    "name": "Bodyweight Calisthenics – Calisthenics Beginner Book",
    "price": "38.02",
    "stock": 80,
    "description": "Backed by rigorous testing and proven performance in real-world conditions.",
    "image": "products/curated_prod_1250.png",
    "is_featured": true,
    "is_sale": false,
    "rating": "0.0",
    "size": "XS,S,M,L,XL"
  }
},
{
  "model": "store.product",
  "pk": 1252,
  "fields": {
    "category": 13,
    "name": "Bodyweight Calisthenics – Handstand Training Course",
    "price": "143.01",
    "stock": 14,
    "description": "Trusted by athletes and fitness professionals worldwide for consistent quality.",
    "image": "products/curated_prod_1251.png",
    "is_featured": false,
    "is_sale": false,
    "rating": "0.0",
    "size": "6kg,8kg,12kg,16kg,20kg"
  }
},
{
  "model": "store.product",
  "pk": 1253,
  "fields": {
    "category": 13,
    "name": "Bodyweight Calisthenics – L-Sit Progression Guide",
    "price": "82.75",
    "stock": 78,
    "description": "Built to last with superior materials and expert craftsmanship.",
    "image": "products/curated_prod_1252.png",
    "is_featured": false,
    "is_sale": false,
    "rating": "4.9",
    "size": "Youth,Adult,Large"
  }
},
{
  "model": "store.product",
  "pk": 1254,
  "fields": {
    "category": 13,
    "name": "Bodyweight Calisthenics – Planche Lean Blocks",
    "price": "90.72",
    "stock": 84,
    "description": "Experience unmatched comfort and functionality with this innovative design.",
    "image": "products/curated_prod_1253.png",
    "is_featured": false,
    "is_sale": false,
    "rating": "0.0",
    "size": "Youth,Adult,Large"
  }
},
{
  "model": "store.product",
  "pk": 1255,
  "fields": {
    "category": 13,
    "name": "Bodyweight Calisthenics – Iron Cross Conditioning Plan",
    "price": "88.75",
    "stock": 86,
    "description": "Backed by rigorous testing and proven performance in real-world conditions.",
    "image": "products/curated_prod_1254.png",
    "is_featured": false,
    "is_sale": false,
    "rating": "4.7",
    "size": "5kg,10kg,15kg,20kg"
  }
},
{
  "model": "store.product",
  "pk": 1256,
  "fields": {
    "category": 13,
    "name": "Bodyweight Calisthenics – Front Lever Mastery Course",
    "price": "80.36",
    "stock": 31,
    "description": "Ideal for beginners and advanced users alike with versatile features.",
    "image": "products/curated_prod_1255.png",
    "is_featured": false,
    "is_sale": false,
    "rating": "0.0",
    "size": "5kg,10kg,15kg,20kg"
  }
},
{
  "model": "store.product",
  "pk": 1257,
  "fields": {
    "category": 13,
    "name": "Bodyweight Calisthenics – Muscle-Up Tutorial Series",
    "price": "110.16",
    "stock": 88,
    "description": "Ideal for beginners and advanced users alike with versatile features.",
    "image": "products/curated_prod_1256.png",
    "is_featured": false,
    "is_sale": false,
    "rating": "0.0",
    "size": "5kg,10kg,15kg,20kg"
  }
},
{
  "model": "store.product",
  "pk": 1258,
  "fields": {
    "category": 13,
    "name": "Bodyweight Calisthenics – Calisthenics Nutrition Guide",
    "price": "31.45",
    "stock": 86,
    "description": "Ideal for beginners and advanced users alike with versatile features.",
    "image": "products/curated_prod_1257.png",
    "is_featured": false,
    "is_sale": false,
    "rating": "0.0",
    "size": "One Size"
  }
},
{
  "model": "store.product",
  "pk": 1259,
  "fields": {
    "category": 13,
    "name": "Bodyweight Calisthenics – Wrist Wraps Calisthenics",
    "price": "20.68",
    "stock": 91,
    "description": "Built to last with superior materials and expert craftsmanship.",
    "image": "products/curated_prod_1258.png",
    "is_featured": false,
    "is_sale": false,
    "rating": "0.0",
    "size": "6kg,8kg,12kg,16kg,20kg"
  }
},
{
  "model": "store.product",
  "pk": 1260,
  "fields": {
    "category": 13,
    "name": "Bodyweight Calisthenics – Horizontal Bar Outdoor",
    "price": "126.77",
    "stock": 34,
    "description": "Built to last with superior materials and expert craftsmanship.",
    "image": "products/curated_prod_1259.png",
    "is_featured": false,
    "is_sale": true,
    "rating": "4.9",
    "size": "Light,Medium,Heavy"
  }
},
{
  "model": "store.product",
  "pk": 1261,
  "fields": {
    "category": 14,
    "name": "Dumbbell Training – Adjustable Dumbbell Set 5-52lb",
    "price": "47.73",
    "stock": 85,
    "description": "Experience unmatched comfort and functionality with this innovative design.",
    "image": "products/curated_prod_1260.png",
    "is_featured": false,
    "is_sale": true,
    "rating": "0.0",
    "size": "Standard"
  }
},
{
  "model": "store.product",
  "pk": 1262,
  "fields": {
    "category": 14,
    "name": "Dumbbell Training – Hex Dumbbell 10kg Pair",
    "price": "111.84",
    "stock": 12,
    "description": "Trusted by athletes and fitness professionals worldwide for consistent quality.",
    "image": "products/curated_prod_1261.png",
    "is_featured": true,
    "is_sale": false,
    "rating": "0.0",
    "size": "One Size"
  }
},
{
  "model": "store.product",
  "pk": 1263,
  "fields": {
    "category": 14,
    "name": "Dumbbell Training – Neoprene Dumbbell Set 1-5kg",
    "price": "103.14",
    "stock": 60,
    "description": "Premium quality product designed for optimal performance and durability.",
    "image": "products/curated_prod_1262.png",
    "is_featured": false,
    "is_sale": false,
    "rating": "0.0",
    "size": "5kg,10kg,15kg,20kg"
  }
},
{
  "model": "store.product",
  "pk": 1264,
  "fields": {
    "category": 14,
    "name": "Dumbbell Training – Chrome Dumbbell Pair 20kg",
    "price": "137.57",
    "stock": 11,
    "description": "Engineered with advanced technology for maximum efficiency and results.",
    "image": "products/curated_prod_1263.png",
    "is_featured": false,
    "is_sale": false,
    "rating": "0.0",
    "size": "XS,S,M,L,XL"
  }
},
{
  "model": "store.product",
  "pk": 1265,
  "fields": {
    "category": 14,
    "name": "Dumbbell Training – Dumbbell Storage Rack 3-Tier",
    "price": "71.41",
    "stock": 22,
    "description": "Engineered with advanced technology for maximum efficiency and results.",
    "image": "products/curated_prod_1264.png",
    "is_featured": false,
    "is_sale": false,
    "rating": "0.0",
    "size": "32cm,38cm,45cm,52cm"
  }
},
{
  "model": "store.product",
  "pk": 1266,
  "fields": {
    "category": 14,
    "name": "Dumbbell Training – Rubber Hex Dumbbell 25kg",
    "price": "141.44",
    "stock": 37,
    "description": "Ideal for beginners and advanced users alike with versatile features.",
    "image": "products/curated_prod_1265.png",
    "is_featured": false,
    "is_sale": false,
    "rating": "0.0",
    "size": "Small,Medium,Large"
  }
},
{
  "model": "store.product",
  "pk": 1267,
  "fields": {
    "category": 14,
    "name": "Dumbbell Training – Adjustable Dumbbell 10-90lb",
    "price": "76.34",
    "stock": 82,
    "description": "Features cutting-edge design combined with practical everyday usability.",
    "image": "products/curated_prod_1266.png",
    "is_featured": false,
    "is_sale": true,
    "rating": "0.0",
    "size": "Youth,Adult,Large"
  }
},
{
  "model": "store.product",
  "pk": 1268,
  "fields": {
    "category": 14,
    "name": "Dumbbell Training – Dumbbell Workout Book",
    "price": "51.83",
    "stock": 14,
    "description": "Premium quality product designed for optimal performance and durability.",
    "image": "products/curated_prod_1267.png",
    "is_featured": false,
    "is_sale": false,
    "rating": "4.0",
    "size": "One Size"
  }
},
{
  "model": "store.product",
  "pk": 1269,
  "fields": {
    "category": 14,
    "name": "Dumbbell Training – Dumbbell Training App Annual",
    "price": "114.44",
    "stock": 37,
    "description": "Trusted by athletes and fitness professionals worldwide for consistent quality.",
    "image": "products/curated_prod_1268.png",
    "is_featured": true,
    "is_sale": false,
    "rating": "0.0",
    "size": "Standard"
  }
},
{
  "model": "store.product",
  "pk": 1270,
  "fields": {
    "category": 14,
    "name": "Dumbbell Training – DB Flat Press Bench",
    "price": "84.56",
    "stock": 11,
    "description": "Built to last with superior materials and expert craftsmanship.",
    "image": "products/curated_prod_1269.png",
    "is_featured": true,
    "is_sale": true,
    "rating": "0.0",
    "size": "Small,Medium,Large"
  }
},
{
  "model": "store.product",
  "pk": 1271,
  "fields": {
    "category": 14,
    "name": "Dumbbell Training – Dumbbell Curl Bar Handle",
    "price": "15.92",
    "stock": 49,
    "description": "Premium quality product designed for optimal performance and durability.",
    "image": "products/curated_prod_1270.png",
    "is_featured": false,
    "is_sale": false,
    "rating": "0.0",
    "size": "Light,Medium,Heavy"
  }
},
{
  "model": "store.product",
  "pk": 1272,
  "fields": {
    "category": 14,
    "name": "Dumbbell Training – Foam Pad Dumbbell Kneeling",
    "price": "50.31",
    "stock": 46,
    "description": "Trusted by athletes and fitness professionals worldwide for consistent quality.",
    "image": "products/curated_prod_1271.png",
    "is_featured": false,
    "is_sale": false,
    "rating": "0.0",
    "size": "One Size"
  }
},
{
  "model": "store.product",
  "pk": 1273,
  "fields": {
    "category": 14,
    "name": "Dumbbell Training – DB Romanian Deadlift Guide",
    "price": "107.62",
    "stock": 90,
    "description": "Experience unmatched comfort and functionality with this innovative design.",
    "image": "products/curated_prod_1272.png",
    "is_featured": true,
    "is_sale": false,
    "rating": "4.7",
    "size": "5kg,10kg,15kg,20kg"
  }
},
{
  "model": "store.product",
  "pk": 1274,
  "fields": {
    "category": 14,
    "name": "Dumbbell Training – Dumbbell Circuit Workout Cards",
    "price": "97.97",
    "stock": 28,
    "description": "Experience unmatched comfort and functionality with this innovative design.",
    "image": "products/curated_prod_1273.png",
    "is_featured": true,
    "is_sale": false,
    "rating": "0.0",
    "size": "Light,Medium,Heavy"
  }
},
{
  "model": "store.product",
  "pk": 1275,
  "fields": {
    "category": 14,
    "name": "Dumbbell Training – DB Lateral Raise Cable Handle",
    "price": "71.14",
    "stock": 70,
    "description": "Backed by rigorous testing and proven performance in real-world conditions.",
    "image": "products/curated_prod_1274.png",
    "is_featured": false,
    "is_sale": false,
    "rating": "4.9",
    "size": "6kg,8kg,12kg,16kg,20kg"
  }
},
{
  "model": "store.product",
  "pk": 1276,
  "fields": {
    "category": 14,
    "name": "Dumbbell Training – Dumbbell Shoulder Press Stand",
    "price": "132.87",
    "stock": 10,
    "description": "Professional-grade equipment meeting industry standards for serious athletes.",
    "image": "products/curated_prod_1275.png",
    "is_featured": false,
    "is_sale": true,
    "rating": "4.3",
    "size": "Light,Medium,Heavy"
  }
},
{
  "model": "store.product",
  "pk": 1277,
  "fields": {
    "category": 14,
    "name": "Dumbbell Training – Rubber Dumbbell 15kg Pair",
    "price": "23.34",
    "stock": 70,
    "description": "Delivers exceptional value with premium features at an affordable price point.",
    "image": "products/curated_prod_1276.png",
    "is_featured": false,
    "is_sale": true,
    "rating": "0.0",
    "size": "Small,Medium,Large"
  }
},
{
  "model": "store.product",
  "pk": 1278,
  "fields": {
    "category": 14,
    "name": "Dumbbell Training – DB Functional Training Manual",
    "price": "74.65",
    "stock": 87,
    "description": "Premium quality product designed for optimal performance and durability.",
    "image": "products/curated_prod_1277.png",
    "is_featured": false,
    "is_sale": false,
    "rating": "3.8",
    "size": "32cm,38cm,45cm,52cm"
  }
},
{
  "model": "store.product",
  "pk": 1279,
  "fields": {
    "category": 14,
    "name": "Dumbbell Training – Dumbbell Wrist Roller Pair",
    "price": "76.21",
    "stock": 65,
    "description": "Premium quality product designed for optimal performance and durability.",
    "image": "products/curated_prod_1278.png",
    "is_featured": true,
    "is_sale": false,
    "rating": "4.1",
    "size": "5kg,10kg,15kg,20kg"
  }
},
{
  "model": "store.product",
  "pk": 1280,
  "fields": {
    "category": 14,
    "name": "Dumbbell Training – Powerblock Elite Upgrade Kit",
    "price": "68.45",
    "stock": 0,
    "description": "Delivers exceptional value with premium features at an affordable price point.",
    "image": "products/curated_prod_1279.png",
    "is_featured": true,
    "is_sale": false,
    "rating": "4.6",
    "size": "S,M,L,XL,XXL"
  }
},
{
  "model": "store.product",
  "pk": 1281,
  "fields": {
    "category": 15,
    "name": "Resistance Bands – Loop Band Set 5 Levels",
    "price": "149.21",
    "stock": 8,
    "description": "Trusted by athletes and fitness professionals worldwide for consistent quality.",
    "image": "products/curated_prod_1280.png",
    "is_featured": true,
    "is_sale": false,
    "rating": "0.0",
    "size": "One Size"
  }
},
{
  "model": "store.product",
  "pk": 1282,
  "fields": {
    "category": 15,
    "name": "Resistance Bands – Therapy Band 6m Roll",
    "price": "65.55",
    "stock": 48,
    "description": "Engineered with advanced technology for maximum efficiency and results.",
    "image": "products/curated_prod_1281.png",
    "is_featured": false,
    "is_sale": false,
    "rating": "0.0",
    "size": "Youth,Adult,Large"
  }
},
{
  "model": "store.product",
  "pk": 1283,
  "fields": {
    "category": 15,
    "name": "Resistance Bands – Heavy Duty Pull-Up Band 200lb",
    "price": "103.23",
    "stock": 44,
    "description": "Premium quality product designed for optimal performance and durability.",
    "image": "products/curated_prod_1282.png",
    "is_featured": false,
    "is_sale": true,
    "rating": "3.7",
    "size": "6kg,8kg,12kg,16kg,20kg"
  }
},
{
  "model": "store.product",
  "pk": 1284,
  "fields": {
    "category": 15,
    "name": "Resistance Bands – Compact Travel Band Kit",
    "price": "117.08",
    "stock": 38,
    "description": "Built to last with superior materials and expert craftsmanship.",
    "image": "products/curated_prod_1283.png",
    "is_featured": false,
    "is_sale": false,
    "rating": "4.2",
    "size": "6kg,8kg,12kg,16kg,20kg"
  }
},
{
  "model": "store.product",
  "pk": 1285,
  "fields": {
    "category": 15,
    "name": "Resistance Bands – Fabric Glute Band Set",
    "price": "77.18",
    "stock": 19,
    "description": "Backed by rigorous testing and proven performance in real-world conditions.",
    "image": "products/curated_prod_1284.png",
    "is_featured": false,
    "is_sale": true,
    "rating": "3.9",
    "size": "Standard"
  }
},
{
  "model": "store.product",
  "pk": 1286,
  "fields": {
    "category": 15,
    "name": "Resistance Bands – Resistance Tube Set Handles",
    "price": "118.42",
    "stock": 2,
    "description": "Premium quality product designed for optimal performance and durability.",
    "image": "products/curated_prod_1285.png",
    "is_featured": true,
    "is_sale": true,
    "rating": "0.0",
    "size": "Light,Medium,Heavy"
  }
},
{
  "model": "store.product",
  "pk": 1287,
  "fields": {
    "category": 15,
    "name": "Resistance Bands – Band Bar Squat Attachment",
    "price": "48.04",
    "stock": 5,
    "description": "Engineered with advanced technology for maximum efficiency and results.",
    "image": "products/curated_prod_1286.png",
    "is_featured": false,
    "is_sale": false,
    "rating": "0.0",
    "size": "XS,S,M,L,XL"
  }
},
{
  "model": "store.product",
  "pk": 1288,
  "fields": {
    "category": 15,
    "name": "Resistance Bands – Mini Band Hip Circle Set",
    "price": "83.03",
    "stock": 37,
    "description": "Built to last with superior materials and expert craftsmanship.",
    "image": "products/curated_prod_1287.png",
    "is_featured": false,
    "is_sale": false,
    "rating": "3.9",
    "size": "Small,Medium,Large"
  }
},
{
  "model": "store.product",
  "pk": 1289,
  "fields": {
    "category": 15,
    "name": "Resistance Bands – Ankle Cuff Band Attachment",
    "price": "55.74",
    "stock": 18,
    "description": "Delivers exceptional value with premium features at an affordable price point.",
    "image": "products/curated_prod_1288.png",
    "is_featured": false,
    "is_sale": false,
    "rating": "5.0",
    "size": "XS,S,M,L,XL"
  }
},
{
  "model": "store.product",
  "pk": 1290,
  "fields": {
    "category": 15,
    "name": "Resistance Bands – Door Anchor Band Set",
    "price": "143.05",
    "stock": 94,
    "description": "Experience unmatched comfort and functionality with this innovative design.",
    "image": "products/curated_prod_1289.png",
    "is_featured": false,
    "is_sale": false,
    "rating": "4.9",
    "size": "XS,S,M,L,XL"
  }
},
{
  "model": "store.product",
  "pk": 1291,
  "fields": {
    "category": 15,
    "name": "Resistance Bands – Wall Anchor Plate Steel",
    "price": "142.11",
    "stock": 85,
    "description": "Ideal for beginners and advanced users alike with versatile features.",
    "image": "products/curated_prod_1290.png",
    "is_featured": false,
    "is_sale": false,
    "rating": "4.1",
    "size": "One Size"
  }
},
{
  "model": "store.product",
  "pk": 1292,
  "fields": {
    "category": 15,
    "name": "Resistance Bands – Band-Only Upper Body Plan",
    "price": "65.82",
    "stock": 96,
    "description": "Features cutting-edge design combined with practical everyday usability.",
    "image": "products/curated_prod_1291.png",
    "is_featured": false,
    "is_sale": false,
    "rating": "0.0",
    "size": "One Size"
  }
},
{
  "model": "store.product",
  "pk": 1293,
  "fields": {
    "category": 15,
    "name": "Resistance Bands – Band-Only Lower Body Plan",
    "price": "138.49",
    "stock": 71,
    "description": "Ideal for beginners and advanced users alike with versatile features.",
    "image": "products/curated_prod_1292.png",
    "is_featured": false,
    "is_sale": true,
    "rating": "0.0",
    "size": "6kg,8kg,12kg,16kg,20kg"
  }
},
{
  "model": "store.product",
  "pk": 1294,
  "fields": {
    "category": 15,
    "name": "Resistance Bands – Full Body Band Programme",
    "price": "42.45",
    "stock": 82,
    "description": "Premium quality product designed for optimal performance and durability.",
    "image": "products/curated_prod_1293.png",
    "is_featured": false,
    "is_sale": true,
    "rating": "0.0",
    "size": "6kg,8kg,12kg,16kg,20kg"
  }
},
{
  "model": "store.product",
  "pk": 1295,
  "fields": {
    "category": 15,
    "name": "Resistance Bands – Resistance Band Book",
    "price": "51.24",
    "stock": 86,
    "description": "Delivers exceptional value with premium features at an affordable price point.",
    "image": "products/curated_prod_1294.png",
    "is_featured": false,
    "is_sale": false,
    "rating": "0.0",
    "size": "Light,Medium,Heavy"
  }
},
{
  "model": "store.product",
  "pk": 1296,
  "fields": {
    "category": 15,
    "name": "Resistance Bands – Band Tension Chart Poster",
    "price": "44.30",
    "stock": 26,
    "description": "Built to last with superior materials and expert craftsmanship.",
    "image": "products/curated_prod_1295.png",
    "is_featured": false,
    "is_sale": false,
    "rating": "0.0",
    "size": "6kg,8kg,12kg,16kg,20kg"
  }
},
{
  "model": "store.product",
  "pk": 1297,
  "fields": {
    "category": 15,
    "name": "Resistance Bands – Quick-Release Carabiner Set",
    "price": "144.88",
    "stock": 15,
    "description": "Trusted by athletes and fitness professionals worldwide for consistent quality.",
    "image": "products/curated_prod_1296.png",
    "is_featured": false,
    "is_sale": false,
    "rating": "0.0",
    "size": "6kg,8kg,12kg,16kg,20kg"
  }
},
{
  "model": "store.product",
  "pk": 1298,
  "fields": {
    "category": 15,
    "name": "Resistance Bands – Lat Pull-Down Band Kit",
    "price": "138.54",
    "stock": 70,
    "description": "Ideal for beginners and advanced users alike with versatile features.",
    "image": "products/curated_prod_1297.png",
    "is_featured": false,
    "is_sale": false,
    "rating": "0.0",
    "size": "Small,Medium,Large"
  }
},
{
  "model": "store.product",
  "pk": 1299,
  "fields": {
    "category": 15,
    "name": "Resistance Bands – Hip Thrust Band Platform",
    "price": "50.31",
    "stock": 65,
    "description": "Experience unmatched comfort and functionality with this innovative design.",
    "image": "products/curated_prod_1298.png",
    "is_featured": true,
    "is_sale": false,
    "rating": "0.0",
    "size": "32cm,38cm,45cm,52cm"
  }
},
{
  "model": "store.product",
  "pk": 1300,
  "fields": {
    "category": 15,
    "name": "Resistance Bands – Band Deadlift Protocol",
    "price": "138.43",
    "stock": 47,
    "description": "Premium quality product designed for optimal performance and durability.",
    "image": "products/curated_prod_1299.png",
    "is_featured": false,
    "is_sale": false,
    "rating": "0.0",
    "size": "One Size"
  }
},
{
  "model": "store.product",
  "pk": 1301,
  "fields": {
    "category": 16,
    "name": "Gym Machines – Smith Machine Home Gym",
    "price": "50.20",
    "stock": 74,
    "description": "Trusted by athletes and fitness professionals worldwide for consistent quality.",
    "image": "products/curated_prod_1300.png",
    "is_featured": false,
    "is_sale": false,
    "rating": "0.0",
    "size": "6kg,8kg,12kg,16kg,20kg"
  }
},
{
  "model": "store.product",
  "pk": 1302,
  "fields": {
    "category": 16,
    "name": "Gym Machines – Functional Trainer Cable",
    "price": "91.92",
    "stock": 31,
    "description": "Features cutting-edge design combined with practical everyday usability.",
    "image": "products/curated_prod_1301.png",
    "is_featured": false,
    "is_sale": false,
    "rating": "4.2",
    "size": "32cm,38cm,45cm,52cm"
  }
},
{
  "model": "store.product",
  "pk": 1303,
  "fields": {
    "category": 16,
    "name": "Gym Machines – Lat Pulldown Machine",
    "price": "77.21",
    "stock": 93,
    "description": "Delivers exceptional value with premium features at an affordable price point.",
    "image": "products/curated_prod_1302.png",
    "is_featured": true,
    "is_sale": false,
    "rating": "0.0",
    "size": "One Size"
  }
},
{
  "model": "store.product",
  "pk": 1304,
  "fields": {
    "category": 16,
    "name": "Gym Machines – Leg Press Machine",
    "price": "148.69",
    "stock": 7,
    "description": "Trusted by athletes and fitness professionals worldwide for consistent quality.",
    "image": "products/curated_prod_1303.png",
    "is_featured": false,
    "is_sale": false,
    "rating": "0.0",
    "size": "XS,S,M,L,XL"
  }
},
{
  "model": "store.product",
  "pk": 1305,
  "fields": {
    "category": 16,
    "name": "Gym Machines – Chest Press Machine Selectorised",
    "price": "33.56",
    "stock": 80,
    "description": "Experience unmatched comfort and functionality with this innovative design.",
    "image": "products/curated_prod_1304.png",
    "is_featured": true,
    "is_sale": false,
    "rating": "3.8",
    "size": "32cm,38cm,45cm,52cm"
  }
},
{
  "model": "store.product",
  "pk": 1306,
  "fields": {
    "category": 16,
    "name": "Gym Machines – Seated Row Machine",
    "price": "23.16",
    "stock": 81,
    "description": "Premium quality product designed for optimal performance and durability.",
    "image": "products/curated_prod_1305.png",
    "is_featured": false,
    "is_sale": false,
    "rating": "4.5",
    "size": "XS,S,M,L,XL"
  }
},
{
  "model": "store.product",
  "pk": 1307,
  "fields": {
    "category": 16,
    "name": "Gym Machines – Shoulder Press Selectorised",
    "price": "86.85",
    "stock": 52,
    "description": "Premium quality product designed for optimal performance and durability.",
    "image": "products/curated_prod_1306.png",
    "is_featured": false,
    "is_sale": false,
    "rating": "3.5",
    "size": "5kg,10kg,15kg,20kg"
  }
},
{
  "model": "store.product",
  "pk": 1308,
  "fields": {
    "category": 16,
    "name": "Gym Machines – Leg Extension Machine",
    "price": "82.80",
    "stock": 89,
    "description": "Built to last with superior materials and expert craftsmanship.",
    "image": "products/curated_prod_1307.png",
    "is_featured": true,
    "is_sale": true,
    "rating": "0.0",
    "size": "One Size"
  }
},
{
  "model": "store.product",
  "pk": 1309,
  "fields": {
    "category": 16,
    "name": "Gym Machines – Leg Curl Seated Machine",
    "price": "40.91",
    "stock": 67,
    "description": "Trusted by athletes and fitness professionals worldwide for consistent quality.",
    "image": "products/curated_prod_1308.png",
    "is_featured": false,
    "is_sale": false,
    "rating": "0.0",
    "size": "Small,Medium,Large"
  }
},
{
  "model": "store.product",
  "pk": 1310,
  "fields": {
    "category": 16,
    "name": "Gym Machines – Leg Curl Prone Machine",
    "price": "76.96",
    "stock": 31,
    "description": "Premium quality product designed for optimal performance and durability.",
    "image": "products/curated_prod_1309.png",
    "is_featured": false,
    "is_sale": false,
    "rating": "0.0",
    "size": "S,M,L,XL,XXL"
  }
},
{
  "model": "store.product",
  "pk": 1311,
  "fields": {
    "category": 16,
    "name": "Gym Machines – Pec Deck Fly Machine",
    "price": "27.62",
    "stock": 48,
    "description": "Professional-grade equipment meeting industry standards for serious athletes.",
    "image": "products/curated_prod_1310.png",
    "is_featured": true,
    "is_sale": true,
    "rating": "0.0",
    "size": "One Size"
  }
},
{
  "model": "store.product",
  "pk": 1312,
  "fields": {
    "category": 16,
    "name": "Gym Machines – Cable Row Low Pulley",
    "price": "82.48",
    "stock": 55,
    "description": "Delivers exceptional value with premium features at an affordable price point.",
    "image": "products/curated_prod_1311.png",
    "is_featured": false,
    "is_sale": false,
    "rating": "0.0",
    "size": "S,M,L,XL,XXL"
  }
},
{
  "model": "store.product",
  "pk": 1313,
  "fields": {
    "category": 16,
    "name": "Gym Machines – Assisted Dip Pull-Up Machine",
    "price": "139.09",
    "stock": 29,
    "description": "Professional-grade equipment meeting industry standards for serious athletes.",
    "image": "products/curated_prod_1312.png",
    "is_featured": false,
    "is_sale": false,
    "rating": "3.8",
    "size": "XS,S,M,L,XL"
  }
},
{
  "model": "store.product",
  "pk": 1314,
  "fields": {
    "category": 16,
    "name": "Gym Machines – Abdominal Crunch Machine",
    "price": "107.40",
    "stock": 35,
    "description": "Premium quality product designed for optimal performance and durability.",
    "image": "products/curated_prod_1313.png",
    "is_featured": false,
    "is_sale": false,
    "rating": "4.8",
    "size": "Small,Medium,Large"
  }
},
{
  "model": "store.product",
  "pk": 1315,
  "fields": {
    "category": 16,
    "name": "Gym Machines – Glute Kickback Machine",
    "price": "144.80",
    "stock": 75,
    "description": "Engineered with advanced technology for maximum efficiency and results.",
    "image": "products/curated_prod_1314.png",
    "is_featured": false,
    "is_sale": false,
    "rating": "3.7",
    "size": "5kg,10kg,15kg,20kg"
  }
},
{
  "model": "store.product",
  "pk": 1316,
  "fields": {
    "category": 16,
    "name": "Gym Machines – Hip Abduction Machine",
    "price": "91.13",
    "stock": 72,
    "description": "Engineered with advanced technology for maximum efficiency and results.",
    "image": "products/curated_prod_1315.png",
    "is_featured": false,
    "is_sale": false,
    "rating": "0.0",
    "size": "Standard"
  }
},
{
  "model": "store.product",
  "pk": 1317,
  "fields": {
    "category": 16,
    "name": "Gym Machines – Back Extension Roman Chair",
    "price": "121.72",
    "stock": 88,
    "description": "Trusted by athletes and fitness professionals worldwide for consistent quality.",
    "image": "products/curated_prod_1316.png",
    "is_featured": false,
    "is_sale": false,
    "rating": "4.6",
    "size": "S,M,L,XL,XXL"
  }
},
{
  "model": "store.product",
  "pk": 1318,
  "fields": {
    "category": 16,
    "name": "Gym Machines – Multi-Jungle Cable Tower",
    "price": "46.34",
    "stock": 9,
    "description": "Premium quality product designed for optimal performance and durability.",
    "image": "products/curated_prod_1317.png",
    "is_featured": false,
    "is_sale": false,
    "rating": "4.0",
    "size": "Small,Medium,Large"
  }
},
{
  "model": "store.product",
  "pk": 1319,
  "fields": {
    "category": 16,
    "name": "Gym Machines – Hack Squat Machine",
    "price": "100.61",
    "stock": 100,
    "description": "Trusted by athletes and fitness professionals worldwide for consistent quality.",
    "image": "products/curated_prod_1318.png",
    "is_featured": false,
    "is_sale": false,
    "rating": "0.0",
    "size": "Standard"
  }
},
{
  "model": "store.product",
  "pk": 1320,
  "fields": {
    "category": 16,
    "name": "Gym Machines – V-Squat Machine",
    "price": "40.07",
    "stock": 74,
    "description": "Professional-grade equipment meeting industry standards for serious athletes.",
    "image": "products/curated_prod_1319.png",
    "is_featured": false,
    "is_sale": false,
    "rating": "0.0",
    "size": "6kg,8kg,12kg,16kg,20kg"
  }
},
{
  "model": "store.product",
  "pk": 1321,
  "fields": {
    "category": 17,
    "name": "Hydration Systems – Insulated Water Bottle 1L",
    "price": "26.08",
    "stock": 19,
    "description": "Professional-grade equipment meeting industry standards for serious athletes.",
    "image": "products/curated_prod_1320.png",
    "is_featured": true,
    "is_sale": false,
    "rating": "4.1",
    "size": "Small,Medium,Large"
  }
},
{
  "model": "store.product",
  "pk": 1322,
  "fields": {
    "category": 17,
    "name": "Hydration Systems – Hydration Pack 2L Bladder",
    "price": "27.36",
    "stock": 39,
    "description": "Features cutting-edge design combined with practical everyday usability.",
    "image": "products/curated_prod_1321.png",
    "is_featured": true,
    "is_sale": true,
    "rating": "0.0",
    "size": "Standard"
  }
},
{
  "model": "store.product",
  "pk": 1323,
  "fields": {
    "category": 17,
    "name": "Hydration Systems – Smart Hydration Bottle LED",
    "price": "90.19",
    "stock": 65,
    "description": "Backed by rigorous testing and proven performance in real-world conditions.",
    "image": "products/curated_prod_1322.png",
    "is_featured": true,
    "is_sale": false,
    "rating": "0.0",
    "size": "Light,Medium,Heavy"
  }
},
{
  "model": "store.product",
  "pk": 1324,
  "fields": {
    "category": 17,
    "name": "Hydration Systems – Collapsible Water Bottle",
    "price": "120.90",
    "stock": 49,
    "description": "Built to last with superior materials and expert craftsmanship.",
    "image": "products/curated_prod_1323.png",
    "is_featured": false,
    "is_sale": true,
    "rating": "0.0",
    "size": "Youth,Adult,Large"
  }
},
{
  "model": "store.product",
  "pk": 1325,
  "fields": {
    "category": 17,
    "name": "Hydration Systems – Filtered Water Bottle",
    "price": "92.21",
    "stock": 21,
    "description": "Engineered with advanced technology for maximum efficiency and results.",
    "image": "products/curated_prod_1324.png",
    "is_featured": true,
    "is_sale": false,
    "rating": "0.0",
    "size": "32cm,38cm,45cm,52cm"
  }
},
{
  "model": "store.product",
  "pk": 1326,
  "fields": {
    "category": 17,
    "name": "Hydration Systems – Wide-Mouth Sport Bottle",
    "price": "23.54",
    "stock": 55,
    "description": "Built to last with superior materials and expert craftsmanship.",
    "image": "products/curated_prod_1325.png",
    "is_featured": false,
    "is_sale": true,
    "rating": "0.0",
    "size": "5kg,10kg,15kg,20kg"
  }
},
{
  "model": "store.product",
  "pk": 1327,
  "fields": {
    "category": 17,
    "name": "Hydration Systems – Infuser Fruit Water Bottle",
    "price": "112.32",
    "stock": 63,
    "description": "Trusted by athletes and fitness professionals worldwide for consistent quality.",
    "image": "products/curated_prod_1326.png",
    "is_featured": false,
    "is_sale": true,
    "rating": "0.0",
    "size": "XS,S,M,L,XL"
  }
},
{
  "model": "store.product",
  "pk": 1328,
  "fields": {
    "category": 17,
    "name": "Hydration Systems – Electrolyte Hydration Sachets",
    "price": "59.85",
    "stock": 79,
    "description": "Engineered with advanced technology for maximum efficiency and results.",
    "image": "products/curated_prod_1327.png",
    "is_featured": false,
    "is_sale": false,
    "rating": "0.0",
    "size": "Light,Medium,Heavy"
  }
},
{
  "model": "store.product",
  "pk": 1329,
  "fields": {
    "category": 17,
    "name": "Hydration Systems – Sports Hydration Belt",
    "price": "55.56",
    "stock": 77,
    "description": "Experience unmatched comfort and functionality with this innovative design.",
    "image": "products/curated_prod_1328.png",
    "is_featured": false,
    "is_sale": false,
    "rating": "0.0",
    "size": "Standard"
  }
},
{
  "model": "store.product",
  "pk": 1330,
  "fields": {
    "category": 17,
    "name": "Hydration Systems – Bike Cage Water Bottle",
    "price": "54.35",
    "stock": 88,
    "description": "Trusted by athletes and fitness professionals worldwide for consistent quality.",
    "image": "products/curated_prod_1329.png",
    "is_featured": false,
    "is_sale": false,
    "rating": "4.4",
    "size": "5kg,10kg,15kg,20kg"
  }
},
{
  "model": "store.product",
  "pk": 1331,
  "fields": {
    "category": 17,
    "name": "Hydration Systems – Camelbak Cleaning Kit",
    "price": "64.28",
    "stock": 72,
    "description": "Features cutting-edge design combined with practical everyday usability.",
    "image": "products/curated_prod_1330.png",
    "is_featured": true,
    "is_sale": false,
    "rating": "3.8",
    "size": "XS,S,M,L,XL"
  }
},
{
  "model": "store.product",
  "pk": 1332,
  "fields": {
    "category": 17,
    "name": "Hydration Systems – Glass Water Bottle 1L",
    "price": "142.30",
    "stock": 26,
    "description": "Features cutting-edge design combined with practical everyday usability.",
    "image": "products/curated_prod_1331.png",
    "is_featured": false,
    "is_sale": true,
    "rating": "0.0",
    "size": "Standard"
  }
},
{
  "model": "store.product",
  "pk": 1333,
  "fields": {
    "category": 17,
    "name": "Hydration Systems – Stainless Steel Straw Set",
    "price": "33.79",
    "stock": 38,
    "description": "Professional-grade equipment meeting industry standards for serious athletes.",
    "image": "products/curated_prod_1332.png",
    "is_featured": true,
    "is_sale": false,
    "rating": "3.9",
    "size": "Standard"
  }
},
{
  "model": "store.product",
  "pk": 1334,
  "fields": {
    "category": 17,
    "name": "Hydration Systems – Insulated Coffee Tumbler",
    "price": "75.62",
    "stock": 76,
    "description": "Delivers exceptional value with premium features at an affordable price point.",
    "image": "products/curated_prod_1333.png",
    "is_featured": false,
    "is_sale": false,
    "rating": "0.0",
    "size": "Standard"
  }
},
{
  "model": "store.product",
  "pk": 1335,
  "fields": {
    "category": 17,
    "name": "Hydration Systems – Gallon Water Bottle 128oz",
    "price": "19.96",
    "stock": 46,
    "description": "Built to last with superior materials and expert craftsmanship.",
    "image": "products/curated_prod_1334.png",
    "is_featured": false,
    "is_sale": false,
    "rating": "4.6",
    "size": "S,M,L,XL,XXL"
  }
},
{
  "model": "store.product",
  "pk": 1336,
  "fields": {
    "category": 17,
    "name": "Hydration Systems – Alkaline Water Flask",
    "price": "103.78",
    "stock": 45,
    "description": "Experience unmatched comfort and functionality with this innovative design.",
    "image": "products/curated_prod_1335.png",
    "is_featured": true,
    "is_sale": false,
    "rating": "3.7",
    "size": "Standard"
  }
},
{
  "model": "store.product",
  "pk": 1337,
  "fields": {
    "category": 17,
    "name": "Hydration Systems – Kids Water Bottle Spill-Proof",
    "price": "145.37",
    "stock": 55,
    "description": "Delivers exceptional value with premium features at an affordable price point.",
    "image": "products/curated_prod_1336.png",
    "is_featured": false,
    "is_sale": false,
    "rating": "0.0",
    "size": "Youth,Adult,Large"
  }
},
{
  "model": "store.product",
  "pk": 1338,
  "fields": {
    "category": 17,
    "name": "Hydration Systems – Copper Water Vessel",
    "price": "93.37",
    "stock": 73,
    "description": "Delivers exceptional value with premium features at an affordable price point.",
    "image": "products/curated_prod_1337.png",
    "is_featured": false,
    "is_sale": false,
    "rating": "0.0",
    "size": "Light,Medium,Heavy"
  }
},
{
  "model": "store.product",
  "pk": 1339,
  "fields": {
    "category": 17,
    "name": "Hydration Systems – Hydrogen Water Generator",
    "price": "35.35",
    "stock": 3,
    "description": "Engineered with advanced technology for maximum efficiency and results.",
    "image": "products/curated_prod_1338.png",
    "is_featured": false,
    "is_sale": false,
    "rating": "0.0",
    "size": "S,M,L,XL,XXL"
  }
},
{
  "model": "store.product",
  "pk": 1340,
  "fields": {
    "category": 17,
    "name": "Hydration Systems – Portable Water Softener",
    "price": "62.02",
    "stock": 43,
    "description": "Features cutting-edge design combined with practical everyday usability.",
    "image": "products/curated_prod_1339.png",
    "is_featured": false,
    "is_sale": false,
    "rating": "0.0",
    "size": "S,M,L,XL,XXL"
  }
},
{
  "model": "store.order",
  "pk": 1,
  "fields": {
    "user": 2,
    "order_number": "6E1F1D6131",
    "full_name": "jeevan",
    "email": "",
    "shipping_address": "home, Online Store Delivery (ZIP: 00000)",
    "total_amount": "3206.44",
    "status": "Cancelled",
    "created_at": "2026-06-08T10:31:55.275Z"
  }
},
{
  "model": "store.orderitem",
  "pk": 1,
  "fields": {
    "order": 1,
    "product": null,
    "price": "459.99",
    "quantity": 6
  }
},
{
  "model": "store.orderitem",
  "pk": 2,
  "fields": {
    "order": 1,
    "product": null,
    "price": "33.79",
    "quantity": 4
  }
},
{
  "model": "store.orderitem",
  "pk": 3,
  "fields": {
    "order": 1,
    "product": null,
    "price": "103.78",
    "quantity": 3
  }
}
]
